TIMESTAMP,TA_ERA,TA_ERA_NIGHT,TA_ERA_NIGHT_SD,TA_ERA_DAY,TA_ERA_DAY_SD,SW_IN_ERA,LW_IN_ERA,VPD_ERA,PA_ERA,P_ERA,WS_ERA
198101,-2.696,-2.997,1.622,-2.227,1.671,52.806,282.686,0.282,96.635,3.725,2.465
198102,-0.923,-1.418,1.762,-0.289,2.141,88.751,277.568,0.713,96.355,1.383,1.842
198103,7.168,6.177,2.011,8.127,2.745,118.078,316.328,2.273,95.754,3.78,1.971
198104,9.495,8.338,2.513,10.339,3.524,179.769,319.35,3.301,96.128,1.328,1.821
198105,12.219,11.007,2.105,12.892,3.018,185.242,338.239,3.704,95.859,4.888,1.558
198106,15.665,14.017,2.112,16.489,3.131,221.657,351.064,4.807,96.411,3.419,1.669
198107,16.562,15.127,2.138,17.305,2.955,190.503,359.335,4.551,96.449,4.778,1.522
198108,17.51,15.806,2.394,18.622,3.781,208.657,354.005,5.333,96.532,2.397,1.504
198109,14.098,13.062,1.81,14.985,2.688,117.6,355.68,2.274,96.328,4.82,1.343
198110,8.914,8.204,1.902,9.73,2.206,79.651,332.108,1.66,96.014,4.905,2.044
198111,3.86,3.399,2.001,4.523,2.131,60.895,300.54,1.098,97.015,1.877,1.939
198112,0.202,-0.084,1.589,0.68,1.198,34.558,302.592,0.405,94.915,6.174,2.287
198201,0.127,-0.28,1.767,0.768,1.504,40.861,302.786,0.425,96.389,4.18,1.837
198202,0.763,0.191,1.702,1.481,2.3,89.314,285.254,0.832,96.428,0.87,1.274
198203,3.814,3.077,2.106,4.521,2.499,123.343,297.847,1.895,96.248,3.498,2.177
198204,6.968,5.711,2.306,7.897,3.542,194.361,300.53,3.542,96.23,1.349,2.298
198205,12.784,10.955,2.257,13.8,3.553,229.498,328.301,4.859,96.527,2.934,1.608
198206,17.317,16.619,1.179,17.666,2.356,221.528,359.478,5.304,96.252,6.393,1.622
198207,18.764,16.794,1.872,19.767,3.345,217.578,366.327,5.655,96.419,7.075,1.528
198208,16.471,15.057,1.947,17.386,2.854,163.483,362.204,3.797,96.35,5.284,1.412
198209,15.636,14.111,2.162,16.92,3.506,150.882,352.579,3.538,96.539,2.69,1.243
198210,8.85,8.15,1.445,9.642,2.078,81.48,331.224,1.266,95.995,3.67,1.718
198211,4.634,4.038,1.749,5.499,2.107,56.187,311.622,0.86,96.291,2.707,1.477
198212,2.354,2.066,1.299,2.834,1.088,34.908,307.236,0.578,96.111,4.04,2.155
198301,2.206,1.812,1.585,2.832,1.504,43.959,302.39,0.688,97.317,2.631,2.398
198302,-1.543,-2.154,1.584,-0.759,1.739,83.218,277.871,0.714,96.15,2.292,2.36
198303,5.14,4.259,1.975,6.002,2.644,122.31,305.631,1.645,96.305,2.65,1.919
198304,8.511,7.305,1.896,9.379,2.825,172.445,321.567,2.688,95.623,4.529,2.082
198305,10.38,9.097,1.703,11.1,2.457,171.004,336.757,2.674,95.736,6.114,1.878
198306,16.713,15.066,1.904,17.537,3.089,220.678,353.521,5.495,96.52,3.527,1.621
198307,21.642,19.371,2.464,22.82,4.36,269.8,364.703,9.514,96.405,1.76,1.33
198308,18.714,17.988,1.457,19.191,2.87,194.51,365.168,5.742,96.355,3.564,1.325
198309,14.141,12.763,2.211,15.32,3.163,142.684,341.525,3.527,96.452,3.136,1.787
198310,8.962,7.978,2.016,10.076,2.757,91.917,326.615,1.882,96.847,2.06,1.735
198311,2.271,1.592,1.788,3.251,2.189,67.192,296.153,0.587,96.357,2.056,1.703
198312,0.235,-0.272,1.46,1.081,1.715,45.723,287.457,0.564,96.317,1.768,1.592
198401,0.638,0.282,1.506,1.206,1.359,42.986,295.866,0.753,95.954,3.432,2.588
198402,-0.299,-0.697,1.231,0.202,1.536,81.232,287.446,0.727,96.32,3.022,2.74
198403,2.004,0.994,2.219,2.97,3.099,155.005,282.541,1.691,95.893,1.812,1.836
198404,7.257,6.07,2.382,8.082,3.298,206.409,303.358,3.712,96.195,2.028,1.763
198405,9.678,8.452,1.619,10.364,2.419,180.92,330.956,2.557,95.404,3.578,1.938
198406,14.936,13.231,2.19,15.788,3.373,234.43,341.577,5.165,96.313,3.285,1.807
198407,17.45,15.536,2.48,18.449,3.837,228.999,352.018,6.21,96.547,3.303,1.594
198408,16.693,15.36,1.913,17.577,3.203,165.831,359.641,4.289,96.408,3.964,1.284
198409,12.514,11.485,1.669,13.383,2.352,118.977,346.443,2.412,95.952,5.491,1.938
198410,9.451,8.59,1.875,10.444,2.708,93.885,326.208,1.683,96.489,2.028,1.52
198411,5.2,4.62,1.756,6.043,2.102,58.429,310.16,0.809,95.766,1.819,1.43
198412,0.875,0.541,1.155,1.433,1.254,39.839,300.118,0.232,96.72,2.082,1.115
198501,-6.311,-6.753,2.121,-5.601,2.034,48.036,277.927,0.197,95.629,2.665,1.494
198502,-1.209,-1.778,2.473,-0.508,2.45,83.639,289.784,0.706,96.412,2.155,2.107
198503,3.198,2.391,1.668,3.951,2.277,129.901,298.88,1.71,95.871,2.501,1.988
198504,8.191,7.034,2.226,9.058,3.151,189.26,311.148,3.4,95.885,3.907,2.412
198505,12.423,11.114,1.94,13.143,2.762,189.049,341.915,3.454,95.745,4.943,1.84
198506,14.286,12.548,1.861,15.156,3.049,229.497,341.714,4.632,96.196,3.859,2.088
198507,18.982,17.053,2.108,19.983,3.5,235.263,361.01,6.278,96.45,3.905,1.571
198508,17.059,15.287,2.368,18.205,3.753,194.408,353.825,5.543,96.398,3.577,1.503
198509,14.982,13.381,2.528,16.359,3.915,165.902,341.475,4.012,96.794,1.965,1.325
198510,8.871,7.774,2.337,10.11,3.314,113.333,318.033,2.118,96.932,0.706,1.415
198511,0.874,0.487,1.391,1.417,1.336,52.167,299.796,0.645,95.911,3.706,1.85
198512,2.078,1.548,1.445,2.96,1.86,44.303,296.913,0.619,96.403,1.627,1.39
198601,0.818,0.429,1.538,1.436,1.098,43.073,296.619,0.707,95.677,3.941,2.714
198602,-5.723,-6.212,1.61,-5.11,1.946,89.738,268.6,0.192,95.444,2.155,1.626
198603,2.828,1.861,1.944,3.757,2.805,133.948,300.12,1.463,96.088,2.006,2.006
198604,5.799,5.028,1.725,6.372,2.095,132.957,321.571,1.577,95.527,5.238,1.893
198605,14.508,13.049,1.93,15.324,2.917,202.159,348.497,4.156,96.422,4.157,1.485
198606,16.158,14.573,2.218,16.95,3.34,231.261,351.147,5.528,96.289,3.529,1.714
198607,17.626,15.71,2.316,18.623,3.566,234.401,353.676,6.563,96.465,2.684,1.623
198608,17.123,15.622,2.098,18.091,3.253,187.139,359.995,5.03,96.266,5.404,1.464
198609,13.742,12.405,2.404,14.867,3.605,157.182,339.977,3.604,96.638,1.448,1.585
198610,10.373,9.485,2.19,11.358,2.954,100.081,331.368,2.147,96.628,2.009,1.688
198611,4.572,3.972,2.049,5.454,2.531,61.546,305.606,1.021,96.824,1.825,1.359
198612,1.117,0.741,1.495,1.743,1.405,41.308,300.421,0.582,96.608,2.89,2.218
198701,-4.237,-4.506,1.559,-3.814,1.358,50.132,277.163,0.273,96.157,1.631,1.972
198702,0.931,0.507,1.277,1.481,1.572,67.617,303.232,0.482,95.893,2.387,1.51
198703,1.828,1.097,1.773,2.534,2.252,133.132,288.027,1.587,96.125,2.735,2.393
198704,9.645,8.285,2.598,10.647,3.479,207.795,312.979,3.981,96.304,2.962,1.633
198705,9.704,8.331,2.011,10.459,2.817,200.619,325.612,3.053,96.11,5.249,1.984
198706,14.263,12.993,1.886,14.897,2.597,184.883,350.633,3.579,96.255,5.626,1.81
198707,17.994,16.245,1.61,18.896,2.796,207.062,367.32,4.535,96.28,5.106,1.551
198708,17.095,15.575,2.216,18.084,3.113,189.416,356.155,4.829,96.33,3.472,1.683
198709,17.405,16.313,1.203,18.338,2.901,160.559,354.345,5.46,96.494,3.446,1.603
198710,9.857,9.131,1.765,10.664,2.273,88.772,333.084,1.385,96.16,2.621,1.385
198711,4.346,3.811,1.509,5.121,1.702,50.97,312.488,0.688,96.183,2.432,1.826
198712,1.781,1.336,1.588,2.522,1.516,42.546,300.353,0.416,96.569,1.194,1.48
198801,3.305,2.899,1.369,3.96,1.488,45.784,302.955,0.816,95.86,2.778,1.904
198802,1.737,1.071,1.577,2.589,1.814,76.35,290.753,1.168,96.03,3.362,2.359
198803,3.394,2.861,1.415,3.911,1.779,106.115,311.282,1.143,95.913,5.768,2.776
198804,9.268,8.157,2.298,10.072,3.331,192.331,316.118,3.18,95.981,2.299,1.595
198805,13.852,12.282,1.645,14.716,2.808,204.832,342.667,3.747,95.906,4.22,1.559
198806,15.373,13.7,1.897,16.209,3.09,224.131,348.073,4.442,96.105,3.667,1.402
198807,17.867,16.176,2.217,18.752,3.273,236.761,357.143,5.926,96.334,4.033,1.594
198808,18.945,18.305,1.816,19.359,2.898,202.567,362.793,6.559,96.247,5.929,1.517
198809,13.717,12.586,1.964,14.692,2.886,136.322,346.926,3.185,96.557,2.588,1.915
198810,10.507,9.851,1.887,11.277,2.315,89.035,335.957,1.43,96.392,4.947,1.641
198811,2.153,1.591,1.935,2.961,1.995,53.56,303.642,0.569,96.687,1.779,1.514
198812,2.355,2.075,1.171,2.822,1.244,32.336,312.284,0.39,96.892,3.177,1.806
198901,0.697,0.129,1.54,1.593,1.997,58.333,285.304,0.446,97.565,0.598,1.032
198902,2.723,2.028,1.9,3.627,2.381,80.414,296.496,1.205,96.54,2.509,1.596
198903,7.853,6.819,2.704,8.845,3.342,138.901,308.436,3.502,96.225,2.187,1.94
198904,6.862,5.825,1.587,7.613,2.277,145.226,325.083,1.647,95.428,5.287,1.885
198905,14.459,12.584,2.326,15.501,3.754,251.191,327.444,5.808,96.468,2.305,1.937
198906,15.289,13.516,1.932,16.175,3.171,248.554,340.5,6.068,96.308,2.904,1.786
198907,18.399,16.679,1.853,19.283,3.108,223.738,361.562,5.755,96.555,4.735,1.449
198908,17.458,15.91,2.047,18.465,3.262,199.882,357.477,4.852,96.266,3.606,1.419
198909,14.318,13.553,1.392,14.974,2.648,137.516,351.265,3.149,96.48,2.444,1.639
198910,10.146,9.153,2.307,11.272,3.23,98.516,325.134,2.43,96.672,2.311,1.494
198911,2.35,1.649,1.741,3.4,2.448,71.792,288.346,0.851,96.206,0.927,1.247
198912,1.157,0.626,1.833,2.043,2.215,48.79,284.709,0.969,96.068,1.696,1.473
199001,0.569,0.024,1.952,1.436,2.141,59.08,284.354,0.803,96.829,1.073,1.268
199002,6.19,5.488,2.466,7.088,2.744,78.018,304.631,2.261,96.278,4.001,2.496
199003,7.35,6.436,2.407,8.25,3.081,145.336,303.606,3.25,97.203,1.975,1.896
199004,6.717,5.69,1.842,7.461,2.583,154.672,314.647,2.211,95.925,2.781,1.864
199005,14.618,12.81,1.979,15.631,3.372,242.514,332.067,5.189,96.426,3.767,1.459
199006,14.89,13.471,1.791,15.6,2.765,199.821,353.241,3.967,96.161,4.835,1.565
199007,17.834,15.939,2.296,18.82,3.49,245.524,351.346,6.749,96.527,3.604,1.86
199008,18.282,16.568,2.417,19.384,3.627,221.356,352.792,6.805,96.603,2.72,1.615
199009,12.776,11.629,2.193,13.74,3.229,140.886,338.949,3.258,96.423,3.083,1.869
199010,10.854,10.11,1.959,11.684,2.612,99.567,332.562,2.035,96.004,3.675,1.471
199011,3.746,3.384,1.161,4.273,1.326,50.023,313.496,0.58,95.99,4.02,1.934
199012,-0.638,-0.914,1.221,-0.178,1.233,40.34,295.345,0.445,96.225,2.462,1.925
199101,0.727,0.361,1.364,1.311,1.482,53.017,286.444,0.824,96.838,1.906,1.877
199102,-1.774,-2.436,2.516,-0.953,3.039,94.583,276.188,0.987,96.125,1.229,1.445
199103,6.964,6.404,1.879,7.513,2.672,118.904,316.817,1.82,95.87,2.476,1.689
199104,7.206,6.145,2.209,7.976,3.424,197.219,302.874,3.303,96.07,1.813,1.642
199105,9.51,8.228,2.005,10.208,2.921,224.239,319.503,3.57,96.339,3.912,1.715
199106,14.45,13.277,1.779,15.037,2.629,204.363,351.387,4.175,96.163,5.654,1.778
199107,20.222,19.633,1.556,20.525,2.805,254.946,368.06,6.872,96.305,4.945,1.649
199108,18.905,17.22,2.508,20.006,4.189,220.436,354.385,6.48,96.544,1.289,1.388
199109,15.869,14.62,2.127,16.912,3.434,154.259,350.376,4.401,96.313,3.708,1.362
199110,7.899,7.167,1.776,8.73,2.339,95.918,322.794,1.336,96.259,2.85,1.509
199111,3.591,3.155,1.496,4.226,1.603,50.138,308.928,0.818,96.084,3.564,1.688
199112,-0.842,-1.229,1.495,-0.197,1.616,47.425,280.048,0.5,97.246,2.716,2.033
199201,-0.851,-1.235,1.493,-0.232,1.774,62.948,274.961,0.56,97.269,0.635,1.43
199202,2.057,1.408,1.914,2.862,2.479,89.311,287.728,1.23,96.993,2.126,1.893
199203,5.711,4.963,2.003,6.438,2.696,122.202,306.555,2.204,96.184,2.831,2.299
199204,8.14,7.218,2.332,8.805,3.171,178.739,313.666,3.478,95.868,3.905,2.117
199205,14.681,13.326,2.067,15.427,3.304,233.75,336.834,5.531,96.371,2.189,1.751
199206,15.311,13.986,1.659,15.973,2.722,202.704,352.82,3.986,95.958,4.147,1.78
199207,18.514,16.942,1.881,19.338,3.049,217.173,365.119,5.498,96.401,3.343,1.442
199208,20.228,18.656,2.358,21.261,3.506,210.466,367.578,7.445,96.289,4.329,1.542
199209,13.775,12.833,2.042,14.579,2.885,133.027,346.768,2.781,96.559,2.878,1.447
199210,7.244,6.858,1.306,7.685,1.543,69.704,332.37,0.943,95.519,4.15,2.152
199211,6.218,5.776,1.696,6.875,1.473,44.221,322.241,0.831,96.407,5.007,2.109
199212,0.85,0.572,1.289,1.312,1.471,43.52,289.855,0.475,96.378,2.034,1.326
199301,2.948,2.48,1.795,3.7,1.946,48.999,299.453,1.193,97.095,1.329,2.266
199302,-0.157,-0.63,1.42,0.444,2.055,99.146,273.421,0.854,97.091,0.909,1.453
199303,4.513,3.605,2.268,5.383,3.104,149.968,290.604,2.722,96.528,1.681,1.688
199304,10.23,9.129,1.989,11.028,3.032,192.094,319.764,4.092,95.741,2.936,1.675
199305,14.079,12.632,1.83,14.874,2.847,217.769,341.085,4.365,95.984,3.353,1.57
199306,16.398,15.069,1.942,17.063,2.891,216.133,353.946,4.855,96.29,3.757,1.689
199307,16.943,15.651,2.058,17.612,2.941,217.02,356.665,5.355,96.442,6.441,1.831
199308,17.317,16.011,2.023,18.157,3.422,193.509,357.809,5.364,96.501,4.304,1.577
199309,12.63,11.656,1.593,13.458,2.391,137.949,343.099,2.346,95.933,3.835,1.647
199310,7.454,6.996,1.303,7.967,1.754,84.351,327.48,0.958,95.962,2.912,1.565
199311,1.379,1.055,0.993,1.857,1.359,59.755,296.452,0.46,96.364,1.391,1.391
199312,3.933,3.679,1.551,4.357,1.152,34.98,315.851,1.241,95.878,3.882,3.196
199401,2.235,2.039,1.419,2.545,1.422,45.249,302.643,0.732,96.131,3.538,2.226
199402,2.417,1.954,1.486,2.991,1.925,79.836,294.973,1.123,95.881,1.35,1.647
199403,8.797,8.085,1.965,9.478,2.664,129.15,317.839,3.068,96.575,2.138,2.607
199404,6.953,6.065,1.706,7.605,2.365,164.21,318.068,2.171,95.753,4.151,2.028
199405,12.985,11.883,1.765,13.599,2.578,182.161,343.123,3.11,95.937,5.87,1.661
199406,16.841,15.201,2.072,17.66,3.114,242.645,351.556,5.699,96.529,3.323,1.919
199407,21.051,19.38,2.007,21.919,3.34,246.786,370.355,7.533,96.394,3.74,1.288
199408,19.03,17.558,2.079,19.979,3.233,201.144,366.613,5.76,96.253,5.65,1.462
199409,13.909,13.411,1.206,14.324,2.044,122.173,356.03,2.42,96.115,5.521,1.564
199410,9.192,8.381,1.992,10.109,2.727,105.186,321.286,1.911,96.251,1.858,1.656
199411,7.456,7.134,1.246,7.929,1.587,53.849,326.431,0.644,96.592,1.619,1.221
199412,3.1,2.787,1.25,3.622,1.365,39.535,305.106,0.673,96.683,2.958,1.967
199501,-0.07,-0.562,1.873,0.711,1.697,48.948,290.462,0.768,96.272,4.451,2.699
199502,5.025,4.45,1.745,5.763,2.042,71.006,313.252,1.529,96.187,3.785,2.231
199503,3.751,2.935,2.069,4.549,2.569,134.569,290.915,2.177,96.061,3.65,2.687
199504,8.587,7.738,2.064,9.22,2.855,158.001,323.947,2.677,96.15,2.541,2.057
199505,12.832,11.493,2.23,13.585,2.997,213.905,333.183,4.714,96.146,6.159,1.735
199506,14.41,13.073,1.784,15.079,2.676,222.315,345.118,4.452,96.253,4.604,1.761
199507,20.485,18.817,2.065,21.348,3.173,238.704,368.339,7.046,96.284,3.43,1.5
199508,17.389,16.124,1.64,18.2,2.756,187.761,361.018,4.725,96.318,4.936,1.683
199509,11.461,10.415,1.604,12.339,2.52,129.419,336.935,2.211,96.029,4.282,1.671
199510,13.079,12.758,1.482,13.443,2.659,102.676,343.324,2.156,96.813,0.989,1.011
199511,3.572,3.216,1.666,4.094,1.97,60.545,302.283,0.819,96.332,2.37,1.481
199512,-0.194,-0.337,1.196,0.043,1.181,36.63,298.957,0.283,95.948,4.152,1.611
199601,-0.123,-0.36,1.049,0.254,1.5,59.526,284.23,0.171,95.802,0.455,0.93
199602,-0.164,-0.662,1.439,0.447,1.792,81.955,286.534,0.952,95.717,2.266,2.005
199603,3.461,2.691,2.02,4.214,2.959,145.92,288.709,2.037,95.946,1.819,1.714
199604,9.221,8.059,2.234,10.062,3.294,195.48,315.001,3.916,96.084,2.263,1.686
199605,12.11,10.989,1.892,12.723,2.511,186.961,341.902,3.272,95.902,4.226,1.692
199606,16.747,15.151,1.971,17.545,3.047,235.178,352.064,5.775,96.589,4.126,1.775
199607,16.948,15.335,2.052,17.795,3.191,235.719,349.565,5.716,96.448,4.488,1.885
199608,16.476,15.164,1.622,17.335,2.895,183.705,358.439,3.7,96.279,4.914,1.443
199609,10.628,9.689,1.923,11.444,2.911,138.178,329.766,2.385,96.109,1.893,1.924
199610,9.121,8.519,1.809,9.804,2.336,86.45,331.129,1.564,96.411,2.937,1.67
199611,4.169,3.878,1.515,4.576,1.61,52.852,313.023,0.895,95.819,4.586,2.086
199612,-0.302,-0.613,1.257,0.216,1.279,41.264,291.784,0.329,95.727,2.247,1.339
199701,-0.892,-1.188,1.057,-0.42,1.459,53.937,288.264,0.261,96.492,0.892,0.918
199702,4.464,3.886,2.288,5.202,2.661,84.662,295.485,2.068,96.823,2.387,2.417
199703,7.362,6.423,2.49,8.284,3.385,139.509,305.777,2.711,96.912,1.367,1.862
199704,7.754,6.561,2.915,8.633,3.578,214.797,296.643,4.097,96.384,3.974,2.362
199705,13.494,12.036,2.318,14.299,3.26,243.638,327.084,5.095,96.144,2.189,2.001
199706,15.478,14.204,1.699,16.115,2.682,197.366,354.503,4.438,95.803,5.317,1.641
199707,17.727,17.236,1.393,17.978,2.245,230.967,358.567,5.125,96.424,6.06,1.471
199708,19.275,17.764,2.106,20.261,3.388,198.576,367.026,5.4,96.39,3.851,1.108
199709,14.678,13.458,2.52,15.717,3.846,163.136,340.965,3.203,96.731,2.514,1.231
199710,8.602,7.813,2.013,9.494,2.792,108.149,315.3,2.125,96.315,1.738,1.862
199711,3.937,3.465,1.589,4.611,2.088,60.555,304.244,0.637,95.573,1.344,1.143
199712,2.272,2.014,1.303,2.703,1.165,35.348,307.488,0.527,95.925,3.471,1.999
199801,1.716,1.474,1.36,2.104,1.734,55.027,290.154,0.887,96.36,2.488,2.082
199802,3.567,2.764,2.594,4.585,3.506,96.036,290.348,1.799,97.079,0.732,1.457
199803,5.56,4.73,2.325,6.343,2.955,136.424,302.121,3.067,96.755,2.197,2.137
199804,8.188,7.063,2.101,9.001,2.739,171.63,317.59,2.672,95.271,4.082,1.866
199805,14.638,13.06,2.321,15.515,3.322,237.565,332.054,6.475,96.136,1.952,1.787
199806,17.117,15.486,2.132,17.932,3.173,235.615,352.411,6.462,96.394,6.488,1.54
199807,18.047,16.57,1.882,18.808,3.155,198.85,362.879,6.051,96.207,4.121,1.854
199808,17.828,16.265,2.192,18.837,3.736,189.961,356.217,6.81,96.49,2.207,1.637
199809,13.261,12.318,1.727,14.055,2.573,134.927,346.716,2.636,95.97,4.523,1.938
199810,9.471,8.887,1.7,10.127,2.025,74.614,335.726,1.942,96.21,3.457,2.336
199811,1.65,1.247,1.392,2.231,1.619,55.952,297.173,0.819,96.349,3.503,1.918
199812,0.705,0.242,1.411,1.477,1.54,45.144,292.132,0.648,96.687,1.233,1.656
199901,2.211,1.805,1.711,2.853,2.032,51.076,293.475,1.002,96.248,2.594,2.081
199902,-0.677,-1.142,1.65,-0.082,1.709,66.848,295.071,0.503,96.224,4.877,2.658
199903,6.258,5.862,1.753,6.657,2.707,130.093,308.572,2.322,95.829,2.948,1.87
199904,8.532,7.62,1.943,9.202,2.658,165.102,322.117,2.469,96.022,3.986,1.868
199905,15.041,13.884,1.869,15.677,2.742,193.464,349.294,4.277,96.186,6.266,1.489
199906,14.981,13.531,1.991,15.706,3.166,221.384,345.458,4.378,96.457,4.525,1.594
199907,19.598,19.072,1.289,19.869,2.395,233.227,364.921,6.806,96.3,4.791,1.803
199908,17.817,16.589,1.696,18.618,3.031,178.881,364.641,4.46,96.132,3.654,1.395
199909,16.164,15.029,1.969,17.115,3.085,143.307,353.812,3.847,96.043,4.412,1.419
199910,8.892,8.147,1.983,9.748,2.611,98.95,324.083,1.414,96.338,1.8,1.49
199911,2.071,1.766,1.357,2.531,1.684,55.012,298.314,0.491,96.576,2.858,1.432
199912,2.053,1.683,1.545,2.67,1.504,37.154,302.11,0.91,96.005,4.268,2.643
200001,0.266,-0.06,1.497,0.783,1.697,48.671,289.887,0.569,96.953,1.421,1.77
200002,3.952,3.564,1.952,4.435,2.167,71.01,305.714,1.368,96.825,3.605,2.176
200003,5.877,5.089,2.151,6.631,2.674,131.253,305.759,2.39,96.535,2.369,2.185
200004,9.748,8.681,2.501,10.52,3.21,185.516,317.749,3.653,95.428,2.329,1.655
200005,14.999,13.592,2.127,15.787,3.093,213.873,342.663,5.069,96.231,3.103,1.741
200006,17.644,15.962,2.421,18.485,3.748,246.792,349.482,6.974,96.638,2.217,1.483
200007,15.987,14.471,1.771,16.779,2.649,213.48,353.134,4.686,96.095,5.972,1.889
200008,18.769,17.29,2.119,19.734,3.202,195.569,361.155,5.673,96.489,4.312,1.146
200009,14.68,13.462,2.274,15.724,3.261,154.193,345.548,3.373,96.199,2.966,1.507
200010,9.847,9.241,1.573,10.544,2.047,81.136,334.26,1.397,96.169,2.495,1.289
200011,5.094,4.575,1.593,5.861,2.082,59.487,307.139,0.984,95.535,3.405,1.411
200012,3.436,3.09,1.397,4.013,1.629,42.04,300.492,0.821,95.85,1.44,1.408
200101,1.132,0.786,1.424,1.68,1.574,48.135,294.87,0.492,95.861,3.297,1.458
200102,3.138,2.517,1.663,3.922,2.242,84.089,294.284,1.525,96.324,1.568,1.998
200103,6.793,6.198,1.612,7.374,1.961,96.959,327.049,1.366,95.32,7.319,2.218
200104,6.872,5.884,1.954,7.603,2.436,164.67,315.584,2.338,95.962,4.285,2.04
200105,15.263,13.864,1.981,16.035,2.941,218.83,342.964,5.051,96.182,3.548,1.72
200106,15.198,13.666,2.038,15.965,3.024,237.256,342.334,5.124,96.403,5.127,1.651
200107,18.238,16.565,2.065,19.115,3.387,222.594,360.358,5.651,96.263,3.773,1.597
200108,18.987,17.41,1.964,20.017,3.178,210.908,362.685,5.595,96.417,3.278,1.424
200109,11.296,10.429,1.639,12.028,2.266,118.951,341.208,2.131,96.142,5.352,1.932
200110,13.665,13.163,1.399,14.232,2.779,107.512,343.233,2.719,96.552,1.329,1.185
200111,2.153,1.684,1.564,2.83,1.758,59.108,300.754,0.605,96.663,2.748,2.127
200112,-0.714,-0.963,1.598,-0.298,1.593,45.54,285.047,0.603,96.659,1.629,2.733
200201,0.294,-0.17,1.851,1.032,2.399,57.251,278.982,0.977,97.053,0.566,1.359
200202,5.243,4.84,1.696,5.773,1.902,70.927,311.087,1.69,96.228,3.228,2.732
200203,6.928,6.115,2.247,7.714,3.168,145.635,302.535,2.993,96.318,2.014,2.001
200204,8.752,7.662,2.421,9.554,3.287,199.817,310.133,3.709,95.964,2.378,2.024
200205,12.572,11.459,2.292,13.191,2.692,185.656,340.386,4.024,96.06,4.758,1.559
200206,18.843,17.294,2.134,19.617,3.266,243.256,358.512,7.114,96.31,4.762,1.441
200207,17.79,16.478,2.058,18.475,2.77,215.493,360.938,5.32,96.219,4.224,1.547
200208,17.199,15.954,1.796,18.008,2.674,184.362,360.481,3.951,96.184,5.243,1.386
200209,12.423,11.452,1.87,13.255,2.612,130.436,341.892,2.227,96.36,4.369,1.606
200210,9.642,8.91,2.085,10.481,2.417,92.609,328.848,2.034,96.072,4.321,1.851
200211,6.004,5.656,1.213,6.505,1.443,40.626,325.665,0.492,95.644,5.782,1.491
200212,3.395,3.249,1.119,3.636,0.97,33.761,315.223,0.389,96.082,2.48,1.676
200301,-0.148,-0.385,1.177,0.221,1.152,43.095,290.828,0.563,96.095,2.358,2.248
200302,-2.464,-3.169,2.3,-1.59,2.921,106.34,264.25,0.904,96.403,1.166,1.612
200303,7.183,6.144,2.87,8.196,3.989,163.005,292.314,3.786,96.75,1.006,1.719
200304,8.811,7.75,2.645,9.577,3.316,201.092,307.436,3.873,96.079,2.733,1.931
200305,14.314,13.057,2.196,15.02,2.898,213.772,344.557,4.338,96.432,2.676,1.661
200306,21.742,19.77,2.091,22.728,3.794,269.005,367.608,9.081,96.318,3.933,1.336
200307,20.027,18.481,2.345,20.823,3.409,252.459,361.109,9.072,96.362,3.713,1.466
200308,23.883,23.355,1.691,24.217,3.468,250.627,371.81,14.388,96.422,2.946,1.234
200309,14.327,13.017,2.404,15.434,3.598,169.365,333.564,4.858,96.659,1.57,1.551
200310,6.246,5.521,1.841,7.072,2.416,90.754,312.87,1.151,95.895,4.314,1.874
200311,5.221,4.673,1.833,6.01,2.372,60.016,310.313,0.831,96.245,2.033,1.122
200312,1.359,0.93,1.482,2.075,1.844,47.187,288.972,0.695,96.372,1.395,1.591
200401,0.801,0.605,1.408,1.112,1.304,44.747,299.303,0.608,95.732,4.686,2.347
200402,1.689,1.465,1.8,1.98,2.566,93.962,284.255,1.503,96.448,1.7,1.963
200403,4.299,3.577,2.205,4.979,2.891,137.895,297.306,2.387,96.517,2.352,1.739
200404,9.196,8.126,2.258,9.953,3.121,187.289,315.994,3.705,95.838,2.241,2.047
200405,11.938,10.632,2.233,12.653,2.93,225.165,326.936,4.622,96.053,3.452,1.81
200406,15.955,14.432,1.956,16.717,2.927,233.161,348.655,5.126,96.478,3.965,1.651
200407,17.504,16.09,1.949,18.248,2.865,231.507,357.728,5.211,96.405,4.108,1.526
200408,18.067,16.7,1.825,18.952,2.809,195.056,362.785,4.818,96.156,4.62,1.502
200409,14.581,13.474,2.189,15.51,3.024,157.073,343.262,3.707,96.688,1.804,1.673
200410,11.099,10.428,1.572,11.863,2.125,87.216,338.392,1.59,95.925,4.45,1.335
200411,3.585,3.211,1.361,4.139,1.448,53.941,308.344,0.552,96.587,1.064,1.588
200412,0.705,0.408,1.063,1.201,1.232,44.488,292.539,0.395,96.423,2.072,1.424
200501,0.172,-0.222,1.742,0.809,1.881,52.437,286.453,0.763,96.818,2.138,2.022
200502,-1.704,-2.153,1.642,-1.129,1.805,81.337,285.012,0.56,96.166,2.671,1.99
200503,4.904,4.044,2.496,5.743,3.363,139.999,300.027,2.208,96.171,1.922,1.513
200504,9.16,8.257,2.116,9.823,2.727,171.651,321.496,3.227,96.006,4.371,1.791
200505,13.76,12.584,2.231,14.41,3.356,218.25,332.464,5.428,96.34,3.146,1.667
200506,18.383,16.552,2.19,19.298,3.52,264.349,350.156,8.136,96.511,2.456,1.622
200507,18.381,16.976,2.052,19.108,2.889,214.486,363.05,6.553,96.317,4.256,1.673
200508,15.987,14.852,1.88,16.719,2.954,172.883,356.49,4.221,96.396,5.497,1.516
200509,15.1,14.047,1.684,15.989,2.923,142.713,351.111,3.403,96.473,2.066,1.545
200510,10.81,10.07,1.914,11.662,2.876,100.083,328.987,1.994,96.539,1.696,1.014
200511,3.156,2.681,1.544,3.846,1.988,62.927,298.972,0.905,96.299,1.485,1.44
200512,-0.453,-0.674,1.009,-0.084,1.074,42.742,287.092,0.434,96.25,2.252,1.874
200601,-1.505,-1.778,1.419,-1.072,1.738,57.456,274.674,0.482,96.666,1.176,1.322
200602,0.204,-0.243,1.184,0.784,1.661,82.168,285.047,0.765,95.889,2.099,1.902
200603,3.206,2.662,2.137,3.726,2.289,122.515,299.367,1.546,95.654,5.205,2.522
200604,8.802,7.965,2.04,9.417,2.544,175.25,318.723,2.897,96.055,6.021,1.646
200605,13.343,12.106,1.971,14.044,2.576,192.848,341.288,4.313,96.31,5.014,1.885
200606,17.58,15.705,2.141,18.518,3.831,256.05,348.087,6.947,96.611,2.69,1.428
200607,22.64,20.723,2.379,23.632,3.722,267.164,367.83,11.472,96.569,2.276,1.384
200608,14.834,13.796,1.396,15.517,2.117,172.643,354.542,3.33,96.051,6.573,1.803
200609,16.752,15.744,1.962,17.603,2.918,143.361,359.068,3.688,96.269,4.269,1.299
200610,13.016,12.597,1.357,13.496,2.358,101.583,343.782,2.473,96.204,2.213,1.454
200611,6.424,5.929,1.891,7.129,2.252,59.628,314.121,1.309,96.566,1.791,1.455
200612,2.257,1.936,1.407,2.793,1.845,48.69,292.02,0.818,97.015,1.549,1.506
200701,4.195,3.878,1.421,4.696,1.378,43.604,311.481,1.19,96.693,2.327,2.659
200702,4.631,4.182,1.733,5.212,2.424,78.925,301.08,1.375,95.867,2.803,1.94
200703,5.529,4.725,2.275,6.299,2.974,137.889,301.73,2.116,96.115,3.636,1.876
200704,13.981,12.57,3.024,15.001,4.202,244.561,312.67,7.364,96.416,0.931,1.433
200705,14.48,13.18,2.026,15.204,2.801,208.61,343.447,4.997,95.899,5.168,2.079
200706,17.016,15.531,1.716,17.758,2.895,206.097,360.039,4.631,96.05,5.948,1.617
200707,17.44,16.008,1.796,18.189,2.96,215.261,357.987,5.593,96.276,5.635,1.814
200708,16.845,15.737,2.025,17.563,2.632,177.008,361.99,4.149,96.227,5.668,1.45
200709,12.599,11.494,2.139,13.539,3.222,149.836,336.809,3.014,96.599,2.535,1.46
200710,8.693,8.018,1.876,9.448,2.596,105.751,321.324,1.722,96.758,0.708,1.647
200711,2.722,2.364,1.361,3.237,1.616,53.902,303.243,0.726,96.493,1.941,2.134
200712,0.537,0.176,1.175,1.139,1.369,44.131,289.373,0.639,96.811,2.715,2.023
200801,2.808,2.317,1.617,3.582,1.91,51.18,295.122,1.06,96.589,2.977,1.476
200802,3.638,2.932,2.15,4.521,2.906,97.817,285.698,1.811,97.094,1.24,1.771
200803,4.54,3.818,1.698,5.235,2.047,125.716,302.911,2.102,95.519,3.138,2.82
200804,7.87,6.933,1.959,8.541,2.429,162.832,319.475,2.445,95.714,4.256,1.86
200805,15.226,13.712,1.992,16.082,3.477,230.198,334.213,6.049,95.996,1.867,1.669
200806,17.202,15.581,1.766,18.012,2.762,211.087,360.897,5.344,96.315,3.503,1.421
200807,18.195,16.566,2.073,19.046,3.309,222.071,358.326,6.372,96.333,4.244,1.472
200808,18.739,18.169,1.567,19.114,2.4,204.481,361.704,5.982,96.244,4.103,1.472
200809,12.261,11.276,1.895,13.105,2.605,140.739,338.516,2.576,96.368,3.174,1.813
200810,9.592,8.871,1.928,10.419,2.409,89.533,332.852,1.726,96.439,3.888,1.57
200811,4.104,3.595,1.36,4.86,1.715,54.744,310.203,0.722,96.067,1.812,1.569
200812,-0.059,-0.318,1.087,0.372,1.186,36.662,295.265,0.282,96.248,2.751,1.648
200901,-2.279,-2.593,1.367,-1.776,1.691,55.625,274.707,0.261,95.905,1.405,1.487
200902,0.011,-0.527,1.671,0.68,1.978,79.931,291.984,0.638,95.919,3.004,1.682
200903,4.385,3.714,1.987,5.033,2.43,124.237,302.934,1.813,96.07,3.153,2.401
200904,11.592,10.311,2.489,12.536,3.441,203.376,318.287,4.528,95.91,1.715,1.507
200905,15.526,13.909,2.273,16.427,3.212,222.687,342.446,5.662,96.522,4.015,1.521
200906,16.488,14.76,1.973,17.351,2.988,242.025,349.607,5.369,96.271,4.11,1.866
200907,18.402,16.617,2.101,19.328,3.023,227.837,362.331,5.658,96.364,5.808,1.642
200908,19.619,17.827,2.331,20.791,3.371,218.399,362.11,6.679,96.496,2.22,1.396
200909,15.101,13.75,2.097,16.251,3.068,148.981,348.769,3.588,96.602,1.936,1.592
200910,8.967,8.173,1.928,9.868,2.503,92.132,323.853,2.072,96.395,2.177,1.442
200911,7.048,6.792,1.383,7.416,1.989,49.595,323.417,1.372,95.815,4.68,1.564
200912,1.155,0.955,1.307,1.486,1.243,38.262,300.648,0.553,95.402,3.934,1.792
201001,-1.974,-2.18,1.174,-1.649,1.085,48.671,285.581,0.228,95.795,1.478,1.559
201002,0.571,0.078,1.613,1.177,2.009,78.282,292.68,1.024,95.087,2.234,1.85
201003,4.468,3.712,1.859,5.184,2.662,137.041,295.989,2.482,96.198,1.738,2.216
201004,10.084,8.698,2.569,11.093,3.506,210.771,311.912,4.67,96.343,1.349,1.898
201005,11.647,10.515,1.453,12.26,2.018,172.349,343.866,3.147,95.979,5.618,1.934
201006,16.83,15.34,1.98,17.575,2.944,212.593,359.526,5.413,96.132,3.567,1.638
201007,20.091,18.194,2.277,21.067,3.292,245.385,365.951,7.415,96.465,4.082,1.308
201008,17.915,17.498,1.415,18.191,2.056,178.35,366.098,5.284,96.282,5.949,1.622
201009,12.838,11.551,1.984,13.922,3.252,143.49,338.056,3.19,96.253,2.054,1.392
201010,8.431,7.724,1.741,9.242,2.428,98.628,324.033,1.622,96.028,2.123,1.609
201011,4.726,4.262,1.435,5.386,1.534,50.388,317.684,1.019,95.357,2.773,1.775
201012,-1.613,-1.936,1.687,-1.075,1.386,36.798,296.19,0.288,95.681,4.182,1.458
201101,0.892,0.58,1.244,1.391,1.449,50.172,292.277,0.504,96.395,1.846,1.681
201102,2.404,1.819,1.775,3.161,2.586,83.119,293.189,1.079,96.329,1.24,1.252
201103,6.321,5.339,2.367,7.267,3.263,144.653,296.391,2.692,96.521,1.458,1.843
201104,12.567,10.924,3.012,13.769,4.042,229.276,312.758,6.154,96.378,1.059,1.498
201105,15.206,13.168,2.716,16.341,3.746,247.768,334.684,6.807,96.485,3.191,1.44
201106,16.635,15.093,2.239,17.406,2.947,208.56,359.458,5.47,96.376,4.499,1.613
201107,16.392,14.632,2.126,17.3,3.026,220.965,353.447,5.524,96.064,4.138,1.534
201108,19.268,17.407,2.348,20.494,3.466,219.709,364.044,6.974,96.286,4.606,1.388
201109,16.203,14.837,2.26,17.373,3.405,158.674,351.419,4.208,96.5,3.307,1.403
201110,9.08,8.152,2.166,10.136,2.922,102.571,322.88,1.641,96.695,2.208,1.433
201111,4.171,3.521,1.419,5.126,2.233,67.549,304.129,0.437,96.618,0.174,0.733
201112,3.238,2.882,1.507,3.832,1.218,31.224,313.034,0.615,96.334,5.453,2.6
201201,1.991,1.801,1.299,2.297,1.285,40.933,305.282,0.576,96.74,3.149,2.532
201202,-4.382,-4.974,2.022,-3.67,2.492,97.461,265.416,0.59,96.909,0.799,2.138
201203,8.282,7.755,2.322,8.786,3.863,167.447,298.042,4.01,97.065,1.367,1.514
201204,8.629,7.536,2.007,9.403,2.518,172.243,321.937,3.044,95.224,4.202,1.888
201205,14.325,12.666,2.39,15.241,3.21,238.265,335.494,5.269,96.187,3.808,1.784
201206,17.4,15.861,1.901,18.169,2.937,217.405,361.323,5.14,96.172,4.988,1.524
201207,17.987,16.344,1.999,18.848,2.864,224.387,360.217,5.787,96.335,4.204,1.691
201208,19.259,17.437,2.405,20.454,3.399,215.804,364.033,6.07,96.431,4.168,1.377
201209,13.806,12.563,2.151,14.88,2.957,140.771,346.879,2.696,96.298,3.297,1.561
201210,9.407,8.672,1.868,10.239,2.486,92.713,329.963,1.436,95.942,3.851,1.376
201211,5.351,4.969,1.359,5.904,1.68,54.239,319.002,0.741,95.965,3.946,1.229
201212,1.327,1.055,1.538,1.781,1.356,40.334,299.437,0.542,96.011,4.269,2.105
201301,0.351,0.094,1.243,0.757,1.337,46.019,299.913,0.394,95.985,1.935,1.61
201302,-1.459,-1.74,1.525,-1.119,1.455,82.019,287.816,0.432,95.849,2.938,2.183
201303,2.429,1.849,1.67,3.01,2.22,119.485,298.399,1.134,95.205,2.947,1.608
201304,9.124,8.169,2.133,9.819,2.663,170.359,324.559,3.074,95.998,3.471,1.852
201305,10.874,9.744,1.462,11.504,2.381,173.961,338.045,2.478,95.816,5.285,1.846
201306,16.212,14.542,2.156,17.047,3.13,225.279,352.494,5.609,96.418,3.721,1.65
201307,20.751,18.772,2.421,21.777,3.637,255.233,363.107,8.409,96.554,3.517,1.61
201308,18.464,16.635,2.232,19.649,3.168,209.386,359.168,5.89,96.472,2.87,1.253
201309,14.651,13.419,1.877,15.677,2.798,140.054,350.456,3.278,96.308,3.239,1.726
201310,11.179,10.498,1.611,11.974,2.282,88.477,341.346,1.464,96.323,3.42,1.439
201311,3.788,3.451,1.296,4.273,1.235,48.152,313.053,0.811,96.115,4.068,2.077
201312,0.584,0.037,1.483,1.494,2.065,50.021,283.986,0.411,96.767,2.406,1.153
201401,2.548,2.243,1.51,3.038,1.55,45.785,304.622,0.444,95.588,2.426,1.214
201402,3.154,2.414,1.78,4.083,2.358,79.956,300.292,0.912,95.551,2.702,1.531
201403,7.661,7.21,2.134,8.101,3.568,158.945,298.438,3.557,96.186,1.262,1.488
201404,10.726,9.434,2.247,11.679,3.109,191.078,321.466,3.758,95.997,2.488,1.603
201405,12.498,11.068,2.085,13.295,2.767,217.638,333.249,4.181,96.196,4.161,2.061
201406,17.8,15.766,2.119,18.818,3.931,253.312,348.33,7.49,96.288,2.313,1.56
201407,18.783,18.34,1.395,19.016,2.153,205.701,369.83,5.524,96.125,8.558,1.631
201408,16.267,14.875,1.625,17.173,2.725,171.862,359.932,3.682,96.177,4.638,1.409
201409,15.067,13.779,1.994,16.165,3.127,146.904,350.182,2.845,96.403,2.946,1.358
201410,12.136,11.254,1.694,13.144,2.59,100.807,339.331,1.631,96.389,2.858,1.296
201411,6.099,5.68,1.403,6.705,1.772,59.55,318.894,0.387,95.761,3.159,0.907
201412,2.408,2.228,1.248,2.707,1.333,32.714,312.934,0.55,96.519,2.685,1.737
201501,1.312,1.16,1.595,1.556,1.451,45.4,303.005,0.64,96.345,3.041,1.882
201502,-0.309,-0.843,1.403,0.366,1.879,86.548,283.22,0.644,96.053,1.6,1.618
201503,6.07,5.115,2.51,6.997,3.281,135.641,302.66,2.355,96.472,2.298,2.068
201504,11.252,10.887,1.923,11.521,2.871,223.571,309.358,5.701,96.544,3.036,1.811
201505,14.014,12.455,2.183,14.876,2.819,209.105,343.781,4.614,96.277,5.453,1.526
201506,18.012,16.094,2.002,18.972,3.302,237.042,358.96,6.31,96.517,3.668,1.599
201507,22.021,19.799,2.444,23.165,3.749,261.153,370.603,11.443,96.349,1.984,1.641
201508,19.842,17.987,2.238,21.058,3.397,206.157,370.267,7.493,96.307,2.938,1.202
201509,12.836,11.688,2.095,13.812,2.904,144.483,335.674,3.241,96.349,3.12,1.756
201510,8.652,7.955,1.576,9.445,2.218,90.641,329.859,1.182,96.321,1.844,1.299
201511,6.719,6.096,1.928,7.614,2.333,63.88,315.081,1.54,96.715,2.614,1.741
201512,3.353,2.835,1.63,4.215,2.126,49.601,298.505,0.359,97.384,0.693,0.845
201601,2.196,1.87,1.441,2.707,1.456,39.434,306.078,0.466,96.044,5.106,1.704
201602,3.662,3.23,1.588,4.204,1.546,65.178,309.671,0.946,95.815,3.903,2.316
201603,4.325,3.443,1.912,5.15,2.724,132.509,299.628,1.716,95.863,1.933,1.973
201604,8.701,7.437,2.023,9.595,2.608,178.39,323.392,2.304,95.849,4.501,1.647
201605,12.77,11.323,2.081,13.575,2.863,209.482,337.687,3.922,95.961,6.085,1.64
201606,16.469,15.025,1.643,17.191,2.519,196.705,362.98,3.666,96.171,6.605,1.338
201607,19.514,17.471,2.364,20.571,3.261,245.889,364.157,6.759,96.537,4.406,1.258
201608,18.924,16.948,2.472,20.217,3.583,219.766,360.825,6.21,96.694,2.704,1.195
201609,17.294,16.492,1.447,17.982,3.051,159.097,355.933,4.78,96.585,2.951,1.271
201610,7.866,7.059,1.702,8.779,2.215,90.367,320.455,1.045,96.603,1.641,1.545
201611,4.021,3.578,1.636,4.67,1.787,55.61,307.724,0.555,96.144,2.631,1.518
201612,-0.959,-1.473,1.288,-0.102,2.13,54.578,281.077,0.211,97.47,0.102,0.844
201701,-3.845,-4.161,1.699,-3.348,1.768,57.31,271.39,0.259,96.703,1.871,1.657
201702,3.54,3.031,1.995,4.181,2.49,84.468,300.559,1.123,96.309,2.412,1.465
201703,8.055,7.055,2.274,9.017,3.504,139.087,311.967,2.629,96.333,2.09,1.974
201704,8.495,7.085,2.458,9.528,3.675,195.156,309.53,3.603,96.512,3.258,1.649
201705,14.323,12.586,2.342,15.275,3.635,222.807,336.87,5.083,96.341,2.927,1.58
201706,19.685,17.597,2.06,20.729,3.499,254.793,361.509,7.932,96.288,2.912,1.691
201707,19.387,17.465,1.86,20.375,3.438,216.26,369.209,7.019,96.364,3.493,1.52
201708,19.345,17.484,2.24,20.566,3.423,200.624,368.477,6.208,96.51,4.583,1.2
201709,12.733,11.469,2.131,13.823,2.981,138.105,338.261,2.925,96.341,2.476,1.393
201710,10.57,9.477,2.51,11.81,3.381,105.289,325.927,2.411,96.854,1.695,1.433
201711,4.039,3.556,1.631,4.735,1.902,52.976,309.098,0.826,96.328,3.542,1.725
201712,1.032,0.834,1.417,1.361,1.131,39.531,297.625,0.41,96.278,3.396,1.797
201801,4.592,4.405,1.498,4.893,1.482,42.491,315.935,0.741,96.171,4.802,2.372
201802,-1.143,-1.333,1.042,-0.896,1.222,80.187,282.83,0.575,95.903,2.102,2.143
201803,3.539,2.804,1.748,4.247,2.409,117.683,304.756,1.211,95.033,2.63,1.775
201804,12.915,11.301,2.982,14.098,3.95,227.912,320.522,5.824,95.965,1.133,1.619
201805,15.17,13.655,1.933,15.997,2.921,202.865,350.882,4.274,96.128,3.792,1.513
201806,18.285,16.414,2.036,19.22,3.468,233.745,358.137,6.088,96.339,2.769,1.666
201807,20.833,18.664,2.532,21.961,3.837,257.447,364.963,9.489,96.307,2.634,1.309
201808,20.52,18.643,2.204,21.728,3.475,215.342,370.355,8.579,96.467,2.662,1.341
201809,16.089,14.429,2.681,17.512,3.915,168.091,347.463,5.449,96.772,2.177,1.417
201810,10.279,9.312,2.444,11.363,3.325,106.615,324.697,2.422,96.365,1.608,1.4
201811,4.444,4.053,1.297,5.009,1.697,58.208,312.923,0.353,96.207,1.001,0.999
201812,3.4,3.16,1.107,3.801,1.006,36.018,308.22,0.502,96.706,4.046,2.051
201901,0.096,-0.217,1.154,0.584,1.283,49.486,294.028,0.499,96.194,2.458,1.912
201902,3.111,2.215,2.446,4.227,3.497,104.286,283.954,1.755,96.884,1.343,1.348
201903,6.949,5.986,2.37,7.851,2.971,146.521,298.651,3.186,96.573,2.54,2.661
201904,8.925,7.467,2.415,9.991,3.297,182.604,318.042,3.513,95.911,2.466,1.535
201905,10.929,9.346,2.104,11.813,2.739,210.876,328.393,3.383,96.115,4.067,1.926
201906,19.387,17.334,2.534,20.413,3.651,258.536,358.618,7.827,96.349,3.834,1.491
201907,20.837,18.759,2.308,21.914,3.625,249.721,366.425,9.591,96.27,3.399,1.463
201908,19.084,17.34,2.424,20.222,3.47,215.432,363.792,6.266,96.462,4.509,1.256
201909,15.049,13.711,2.34,16.176,3.332,159.165,344.397,4.459,96.604,1.907,1.622
201910,11.34,10.632,1.832,12.125,2.351,82.522,343.19,1.516,96.261,4.497,1.41
201911,4.641,4.213,1.334,5.27,1.632,52.825,312.905,0.513,95.215,2.945,1.477
201912,3.117,2.72,1.495,3.78,1.347,39.648,302.707,0.573,96.114,2.781,1.858
202001,1.576,1.12,1.701,2.309,2.21,55.3,293.418,0.583,97.058,1.211,1.324
202002,5.956,5.619,2.235,6.368,2.354,77.45,307.108,2.425,96.528,3.577,2.827
202003,5.543,4.626,2.354,6.41,2.976,142.982,299.214,2.257,96.228,2.118,2.211
202004,12.19,10.405,2.935,13.507,4.286,238.447,311.589,6.267,96.245,0.997,1.598
202005,13.684,11.827,2.772,14.699,3.425,234.152,333.384,5.136,96.496,2.712,1.96
202006,16.429,14.569,1.971,17.359,2.989,214.043,354.576,4.943,96.088,5.011,1.572
202007,21.376,21.001,1.731,21.573,2.612,261.877,363.599,10.247,96.442,3.436,1.504
202008,19.4,17.54,2.128,20.606,3.147,209.671,364.521,6.906,96.234,5.14,1.373
202009,15.624,14.063,2.272,16.941,3.376,159.733,349.864,4.023,96.394,1.756,1.443
202010,8.98,8.388,1.692,9.658,2.262,85.635,329.582,1.327,96.067,3.667,1.565
202011,4.82,4.349,1.556,5.527,2.12,61.184,308.543,0.695,97.012,1.053,1.059
202012,1.898,1.657,1.106,2.301,1.129,35.227,306.711,0.268,95.512,3.07,1.255
202101,0.266,-0.031,1.299,0.73,1.118,42.832,297.611,0.378,95.746,5.105,2.048
202102,3.514,3.024,2.059,4.122,2.809,91.544,297.052,1.394,96.344,1.808,1.585
202103,5.197,4.159,2.331,6.185,3.272,155.644,293.767,2.65,96.733,2.22,1.826
202104,7.486,6.049,2.541,8.548,3.962,213.92,296.728,4.033,96.316,1.853,1.87
202105,10.747,9.232,1.966,11.584,2.633,207.359,326.039,3.625,96.092,5.103,2.277
202106,18.888,16.891,1.845,19.886,3.205,242.563,362.051,6.067,96.445,4.049,1.312
202107,17.872,16.083,1.744,18.797,3.008,199.569,365.767,4.223,96.281,7.02,1.553
202108,17.2,15.67,1.896,18.189,2.72,180.724,360.767,4.419,96.401,3.547,1.464
202109,15.735,14.257,2.259,16.975,3.467,157.193,348.281,3.665,96.596,1.752,1.26
202110,8.563,7.541,2.375,9.725,3.293,103.632,318.921,1.718,96.608,1.834,1.36
202111,2.967,2.562,1.262,3.546,1.512,54.762,307.757,0.328,96.178,1.81,1.55
202112,1.838,1.592,1.134,2.249,1.182,38.953,302.382,0.228,96.181,3.538,1.773
202201,0.93,0.444,1.452,1.697,1.858,57.56,287.297,0.727,97.087,1.575,1.838
202202,3.906,3.334,2.21,4.616,2.478,89.523,297.661,1.576,96.704,2.49,2.572
202203,6.603,5.372,2.835,7.791,4.192,172.84,286.303,3.911,96.675,0.43,1.495
202204,9.075,8.095,2.311,9.777,3.43,198.596,311.853,3.585,95.912,3.5,2.173
202205,16.078,14.219,2.165,17.117,3.169,231.407,345.445,5.729,96.46,2.507,1.569
202206,19.52,17.215,2.387,20.673,3.582,252.95,360.625,7.63,96.343,5.083,1.494
202207,21.229,18.858,2.834,22.453,4.146,279.017,358.701,11.525,96.687,1.109,1.613
202208,20.431,18.337,2.515,21.788,3.819,221.892,362.541,9.128,96.324,3.396,1.671
202209,14.018,12.728,1.866,15.098,2.769,145.603,345.594,3.336,96.104,5.354,1.698
202210,13.327,12.39,1.933,14.397,2.802,93.884,344.967,1.759,96.727,2.496,1.291
202211,6.475,5.94,1.512,7.254,1.811,54.606,319.125,0.677,96.166,2.658,1.37
202212,1.917,1.67,1.212,2.327,1.115,36.115,306.477,0.377,96.053,2.957,1.427
202301,2.153,1.96,1.448,2.463,1.474,44.477,300.289,0.659,96.363,1.69,2.139
202302,2.909,2.236,2.034,3.776,2.935,93.526,292.003,1.326,97.172,0.887,1.836
202303,6.766,5.861,2.194,7.645,2.65,131.232,309.389,2.408,95.902,3.985,2.154
202304,8.115,7.211,1.928,8.771,2.517,162.376,321.351,2.224,96.118,3.669,1.985
202305,14.067,12.523,1.762,14.923,2.693,216.924,342.77,3.88,96.336,4.42,1.889
202306,19.981,17.533,2.581,21.205,4.179,284.34,351.39,10.202,96.267,1.424,1.537
202307,20.298,18.285,2.179,21.34,3.337,233.219,369.637,8.296,96.282,4.43,1.654
202308,19.788,18.043,2.214,20.918,3.571,187.027,371.273,7.736,96.285,4.151,1.539
202309,17.922,16.185,2.603,19.394,4.01,173.996,353.527,5.545,96.496,1.686,1.199
202310,12.389,11.262,2.411,13.637,3.553,110.125,330.967,3.316,96.025,2.521,1.585
202311,5.492,5.237,1.52,5.85,1.361,43.033,318.437,0.858,95.69,5.476,2.397
202312,3.286,2.927,1.367,3.885,1.33,35.2,310.601,0.661,96.354,4.215,2.066
