TIMESTAMP,TA_F_MDS,TA_F_MDS_QC,TA_F_MDS_NIGHT,TA_F_MDS_NIGHT_SD,TA_F_MDS_NIGHT_QC,TA_F_MDS_DAY,TA_F_MDS_DAY_SD,TA_F_MDS_DAY_QC,TA_ERA,TA_ERA_NIGHT,TA_ERA_NIGHT_SD,TA_ERA_DAY,TA_ERA_DAY_SD,TA_F,TA_F_QC,TA_F_NIGHT,TA_F_NIGHT_SD,TA_F_NIGHT_QC,TA_F_DAY,TA_F_DAY_SD,TA_F_DAY_QC,SW_IN_F_MDS,SW_IN_F_MDS_QC,SW_IN_ERA,SW_IN_F,SW_IN_F_QC,LW_IN_F_MDS,LW_IN_F_MDS_QC,LW_IN_ERA,LW_IN_F,LW_IN_F_QC,LW_IN_JSB,LW_IN_JSB_QC,LW_IN_JSB_ERA,LW_IN_JSB_F,LW_IN_JSB_F_QC,VPD_F_MDS,VPD_F_MDS_QC,VPD_ERA,VPD_F,VPD_F_QC,PA_ERA,PA_F,PA_F_QC,P_ERA,P_F,P_F_QC,WS_ERA,WS_F,WS_F_QC,USTAR,USTAR_QC,PPFD_IN,PPFD_IN_QC,PPFD_DIF,PPFD_DIF_QC,CO2_F_MDS,CO2_F_MDS_QC,TS_F_MDS_1,TS_F_MDS_2,TS_F_MDS_3,TS_F_MDS_4,TS_F_MDS_5,TS_F_MDS_6,TS_F_MDS_7,TS_F_MDS_1_QC,TS_F_MDS_2_QC,TS_F_MDS_3_QC,TS_F_MDS_4_QC,TS_F_MDS_5_QC,TS_F_MDS_6_QC,TS_F_MDS_7_QC,SWC_F_MDS_1,SWC_F_MDS_2,SWC_F_MDS_3,SWC_F_MDS_4,SWC_F_MDS_1_QC,SWC_F_MDS_2_QC,SWC_F_MDS_3_QC,SWC_F_MDS_4_QC,G_F_MDS,G_F_MDS_QC,LE_F_MDS,LE_F_MDS_QC,LE_CORR,LE_RANDUNC,H_F_MDS,H_F_MDS_QC,H_CORR,H_RANDUNC,EBC_CF_N,EBC_CF_METHOD,NIGHT_RANDUNC_N,DAY_RANDUNC_N,NEE_CUT_REF,NEE_VUT_REF,NEE_CUT_REF_QC,NEE_VUT_REF_QC,NEE_CUT_REF_RANDUNC,NEE_VUT_REF_RANDUNC,NEE_CUT_REF_JOINTUNC,NEE_VUT_REF_JOINTUNC,NEE_CUT_USTAR50,NEE_VUT_USTAR50,NEE_CUT_USTAR50_QC,NEE_VUT_USTAR50_QC,NEE_CUT_USTAR50_RANDUNC,NEE_VUT_USTAR50_RANDUNC,NEE_CUT_USTAR50_JOINTUNC,NEE_VUT_USTAR50_JOINTUNC,NEE_CUT_MEAN,NEE_VUT_MEAN,NEE_CUT_MEAN_QC,NEE_VUT_MEAN_QC,NEE_CUT_SE,NEE_VUT_SE,NEE_CUT_05,NEE_CUT_16,NEE_CUT_25,NEE_CUT_50,NEE_CUT_75,NEE_CUT_84,NEE_CUT_95,NEE_VUT_05,NEE_VUT_16,NEE_VUT_25,NEE_VUT_50,NEE_VUT_75,NEE_VUT_84,NEE_VUT_95,NEE_CUT_05_QC,NEE_CUT_16_QC,NEE_CUT_25_QC,NEE_CUT_50_QC,NEE_CUT_75_QC,NEE_CUT_84_QC,NEE_CUT_95_QC,NEE_VUT_05_QC,NEE_VUT_16_QC,NEE_VUT_25_QC,NEE_VUT_50_QC,NEE_VUT_75_QC,NEE_VUT_84_QC,NEE_VUT_95_QC,NEE_CUT_REF_NIGHT,NEE_VUT_REF_NIGHT,NEE_CUT_REF_NIGHT_SD,NEE_VUT_REF_NIGHT_SD,NEE_CUT_REF_NIGHT_QC,NEE_VUT_REF_NIGHT_QC,NEE_CUT_REF_NIGHT_RANDUNC,NEE_VUT_REF_NIGHT_RANDUNC,NEE_CUT_REF_NIGHT_JOINTUNC,NEE_VUT_REF_NIGHT_JOINTUNC,NEE_CUT_REF_DAY,NEE_VUT_REF_DAY,NEE_CUT_REF_DAY_SD,NEE_VUT_REF_DAY_SD,NEE_CUT_REF_DAY_QC,NEE_VUT_REF_DAY_QC,NEE_CUT_REF_DAY_RANDUNC,NEE_VUT_REF_DAY_RANDUNC,NEE_CUT_REF_DAY_JOINTUNC,NEE_VUT_REF_DAY_JOINTUNC,NEE_CUT_USTAR50_NIGHT,NEE_VUT_USTAR50_NIGHT,NEE_CUT_USTAR50_NIGHT_SD,NEE_VUT_USTAR50_NIGHT_SD,NEE_CUT_USTAR50_NIGHT_QC,NEE_VUT_USTAR50_NIGHT_QC,NEE_CUT_USTAR50_NIGHT_RANDUNC,NEE_VUT_USTAR50_NIGHT_RANDUNC,NEE_CUT_USTAR50_NIGHT_JOINTUNC,NEE_VUT_USTAR50_NIGHT_JOINTUNC,NEE_CUT_USTAR50_DAY,NEE_VUT_USTAR50_DAY,NEE_CUT_USTAR50_DAY_SD,NEE_VUT_USTAR50_DAY_SD,NEE_CUT_USTAR50_DAY_QC,NEE_VUT_USTAR50_DAY_QC,NEE_CUT_USTAR50_DAY_RANDUNC,NEE_VUT_USTAR50_DAY_RANDUNC,NEE_CUT_USTAR50_DAY_JOINTUNC,NEE_VUT_USTAR50_DAY_JOINTUNC,NEE_CUT_05_NIGHT,NEE_CUT_16_NIGHT,NEE_CUT_25_NIGHT,NEE_CUT_50_NIGHT,NEE_CUT_75_NIGHT,NEE_CUT_84_NIGHT,NEE_CUT_95_NIGHT,NEE_VUT_05_NIGHT,NEE_VUT_16_NIGHT,NEE_VUT_25_NIGHT,NEE_VUT_50_NIGHT,NEE_VUT_75_NIGHT,NEE_VUT_84_NIGHT,NEE_VUT_95_NIGHT,NEE_CUT_05_NIGHT_QC,NEE_CUT_16_NIGHT_QC,NEE_CUT_25_NIGHT_QC,NEE_CUT_50_NIGHT_QC,NEE_CUT_75_NIGHT_QC,NEE_CUT_84_NIGHT_QC,NEE_CUT_95_NIGHT_QC,NEE_VUT_05_NIGHT_QC,NEE_VUT_16_NIGHT_QC,NEE_VUT_25_NIGHT_QC,NEE_VUT_50_NIGHT_QC,NEE_VUT_75_NIGHT_QC,NEE_VUT_84_NIGHT_QC,NEE_VUT_95_NIGHT_QC,NEE_CUT_05_DAY,NEE_CUT_16_DAY,NEE_CUT_25_DAY,NEE_CUT_50_DAY,NEE_CUT_75_DAY,NEE_CUT_84_DAY,NEE_CUT_95_DAY,NEE_VUT_05_DAY,NEE_VUT_16_DAY,NEE_VUT_25_DAY,NEE_VUT_50_DAY,NEE_VUT_75_DAY,NEE_VUT_84_DAY,NEE_VUT_95_DAY,NEE_CUT_05_DAY_QC,NEE_CUT_16_DAY_QC,NEE_CUT_25_DAY_QC,NEE_CUT_50_DAY_QC,NEE_CUT_75_DAY_QC,NEE_CUT_84_DAY_QC,NEE_CUT_95_DAY_QC,NEE_VUT_05_DAY_QC,NEE_VUT_16_DAY_QC,NEE_VUT_25_DAY_QC,NEE_VUT_50_DAY_QC,NEE_VUT_75_DAY_QC,NEE_VUT_84_DAY_QC,NEE_VUT_95_DAY_QC,RECO_NT_VUT_REF,RECO_NT_VUT_USTAR50,RECO_NT_VUT_MEAN,RECO_NT_VUT_SE,RECO_NT_VUT_05,RECO_NT_VUT_16,RECO_NT_VUT_25,RECO_NT_VUT_50,RECO_NT_VUT_75,RECO_NT_VUT_84,RECO_NT_VUT_95,RECO_NT_CUT_REF,RECO_NT_CUT_USTAR50,RECO_NT_CUT_MEAN,RECO_NT_CUT_SE,RECO_NT_CUT_05,RECO_NT_CUT_16,RECO_NT_CUT_25,RECO_NT_CUT_50,RECO_NT_CUT_75,RECO_NT_CUT_84,RECO_NT_CUT_95,GPP_NT_VUT_REF,GPP_NT_VUT_USTAR50,GPP_NT_VUT_MEAN,GPP_NT_VUT_SE,GPP_NT_VUT_05,GPP_NT_VUT_16,GPP_NT_VUT_25,GPP_NT_VUT_50,GPP_NT_VUT_75,GPP_NT_VUT_84,GPP_NT_VUT_95,GPP_NT_CUT_REF,GPP_NT_CUT_USTAR50,GPP_NT_CUT_MEAN,GPP_NT_CUT_SE,GPP_NT_CUT_05,GPP_NT_CUT_16,GPP_NT_CUT_25,GPP_NT_CUT_50,GPP_NT_CUT_75,GPP_NT_CUT_84,GPP_NT_CUT_95,RECO_DT_VUT_REF,RECO_DT_VUT_USTAR50,RECO_DT_VUT_MEAN,RECO_DT_VUT_SE,RECO_DT_VUT_05,RECO_DT_VUT_16,RECO_DT_VUT_25,RECO_DT_VUT_50,RECO_DT_VUT_75,RECO_DT_VUT_84,RECO_DT_VUT_95,RECO_DT_CUT_REF,RECO_DT_CUT_USTAR50,RECO_DT_CUT_MEAN,RECO_DT_CUT_SE,RECO_DT_CUT_05,RECO_DT_CUT_16,RECO_DT_CUT_25,RECO_DT_CUT_50,RECO_DT_CUT_75,RECO_DT_CUT_84,RECO_DT_CUT_95,GPP_DT_VUT_REF,GPP_DT_VUT_USTAR50,GPP_DT_VUT_MEAN,GPP_DT_VUT_SE,GPP_DT_VUT_05,GPP_DT_VUT_16,GPP_DT_VUT_25,GPP_DT_VUT_50,GPP_DT_VUT_75,GPP_DT_VUT_84,GPP_DT_VUT_95,GPP_DT_CUT_REF,GPP_DT_CUT_USTAR50,GPP_DT_CUT_MEAN,GPP_DT_CUT_SE,GPP_DT_CUT_05,GPP_DT_CUT_16,GPP_DT_CUT_25,GPP_DT_CUT_50,GPP_DT_CUT_75,GPP_DT_CUT_84,GPP_DT_CUT_95,RECO_SR,RECO_SR_N
2004,9.819,0.958504,7.648,1.816,0.9661,11.49,2.698,0.952242,9.14,8.282,1.817,9.798,2.434,9.751,0.958504,7.647,1.831,0.9661,11.364,2.698,0.952242,136.087,0.942054,141.03,137.804,0.942054,326.774,0.941598,323.103,326.271,0.941598,-9999,-9999,321.876,321.876,0.0,-9999,-9999,2.855,2.855,0.0,96.268,96.268,0.0,1119.431,842.116,0.771972,1.716,1.61,0.901753,0.19616856446289233,0.7575705828779599,283.0025599123576,0.8724385245901639,-9999,-9999,396.048,0.977857,10.299,9.661,9.941,-9999,10.176,10.129,-9999,0.721995,0.958846,0.929303,-9999,0.929303,0.929303,-9999,19.802,22.809,20.434,19.787,0.959016,0.959016,0.941371,0.323657,-3.04424,0.959016,50.7484,-9999,-9999,-9999,6.72603,-9999,-9999,-9999,-9999,-9999,0.0,0.0,-254.594,-249.75,0.917691,0.930328,-9999,-9999,-9999,-9999,-246.556,-245.983,0.930897,0.932036,-9999,-9999,-9999,-9999,-240.641,-239.39,0.924802,0.925014,5.10071,5.37935,-266.297,-261.048,-257.048,-251.854,-245.661,-221.467,-178.019,-265.027,-257.089,-255.705,-252.363,-247.468,-217.581,-181.591,0.922074,0.922302,0.936703,0.917862,0.930954,0.911714,0.900615,0.922302,0.932889,0.938354,0.938809,0.931182,0.911487,0.900842,2.61636,2.66021,1.02055,1.18294,0.928754,0.940171,-9999,-9999,-9999,-9999,-2.66445,-2.67961,3.97119,4.02002,0.909232,0.922586,-9999,-9999,-9999,-9999,2.6666,2.67543,1.18623,1.20261,0.940171,0.940387,-9999,-9999,-9999,-9999,-2.66884,-2.67894,4.02034,4.03555,0.923688,0.92573,-9999,-9999,-9999,-9999,2.59756,2.61926,2.62641,2.65591,2.67576,2.74799,2.87827,2.60181,2.62042,2.633,2.65817,2.67137,2.77178,2.90347,0.929361,0.954623,0.940883,0.940974,0.940262,0.927016,0.914048,0.955382,0.943143,0.929057,0.939868,0.940262,0.926891,0.924746,-2.71143,-2.70589,-2.70324,-2.69327,-2.65322,-2.59989,-2.48759,-2.70677,-2.70506,-2.7033,-2.69537,-2.66119,-2.60196,-2.49242,0.916947,0.932771,0.935013,0.926799,0.908939,0.899159,0.888604,0.932771,0.929746,0.926951,0.927153,0.909134,0.898791,0.888954,1062.94,1088.65,1089.48,6.05215,1052.79,1061.96,1063.2,1070.08,1089.29,1124.5,1173.78,1083.14,1081.64,1090.05,5.50274,1053.18,1062.99,1064.46,1079.98,1094.32,1122.1,1160.08,1318.61,1334.63,1328.87,2.35759,1308.5,1315.27,1316.62,1325.5,1337.69,1344.59,1352.83,1335.73,1328.2,1330.69,2.203,1309.46,1316.23,1320.14,1330.95,1340.49,1345.21,1355.87,1099.8,1104.91,1115.43,4.19099,1082.26,1096.45,1099.8,1106.72,1123.63,1140.83,1162.01,1054.51,1091.73,1105.55,4.13391,1059.62,1072.31,1086.13,1104.67,1119.67,1127.49,1138.5,1304.5,1287.93,1299.11,3.28925,1267.47,1283.38,1287.55,1294.09,1303.18,1317.19,1338.53,1281.2,1282.02,1293.5,2.91679,1257.27,1278.12,1283.82,1293.89,1301.15,1305.62,1327.22,-9999,-9999
2005,9.527,1.0,7.298,1.881,1.0,11.295,2.851,1.0,9.032,8.144,1.877,9.744,2.618,9.527,1.0,7.298,1.881,1.0,11.295,2.851,1.0,144.619,0.999429,138.887,144.609,0.999429,325.692,1.0,321.983,325.692,1.0,-9999,-9999,320.462,320.462,0.0,-9999,-9999,3.165,3.165,0.0,96.359,96.359,0.0,1034.272,1034.272,0.0,1.636,1.562,0.995719,0.17979577833704696,0.8890410958904109,300.1474930228874,0.9973744292237443,159.68332149615114,0.9990296803652969,414.769,0.999543,9.458,9.798,9.878,-9999,10.206,10.109,-9999,1.0,1.0,1.0,-9999,1.0,1.0,-9999,21.475,28.497,24.535,26.604,1.0,1.0,1.0,1.0,-5.31851,1.0,49.2747,-9999,-9999,-9999,7.02408,-9999,-9999,-9999,-9999,-9999,0.0,0.0,-152.892,-167.997,0.996975,0.997203,-9999,-9999,-9999,-9999,-169.095,-167.742,0.997089,0.997203,-9999,-9999,-9999,-9999,-154.335,-161.153,0.996685,0.997036,3.50226,3.35848,-172.016,-169.258,-168.388,-165.892,-144.566,-140.389,-112.626,-187.253,-173.115,-169.718,-167.885,-163.437,-144.277,-112.485,0.997089,0.997203,0.997203,0.997089,0.996975,0.996918,0.996461,0.997831,0.997831,0.997203,0.997546,0.99766,0.996975,0.996518,3.30485,3.24143,0.719094,0.890144,1.0,1.0,-9999,-9999,-9999,-9999,-3.17358,-3.20713,4.32518,4.40039,0.993132,0.993678,-9999,-9999,-9999,-9999,3.23748,3.25619,0.804423,0.945793,1.0,1.0,-9999,-9999,-9999,-9999,-3.20695,-3.21042,4.35943,4.40834,0.993374,0.993678,-9999,-9999,-9999,-9999,3.22605,3.2357,3.24021,3.25696,3.34274,3.35784,3.45167,3.13383,3.20872,3.23011,3.24674,3.26146,3.34469,3.43495,1.0,1.0,1.0,1.0,1.0,1.0,1.0,1.0,1.0,1.0,1.0,1.0,1.0,1.0,-3.2129,-3.20983,-3.20784,-3.2011,-3.15902,-3.15526,-3.10458,-3.21993,-3.21295,-3.21088,-3.20442,-3.19316,-3.15938,-3.11558,0.993678,0.993678,0.993678,0.994531,0.993132,0.993046,0.99068,0.995198,0.995198,0.99377,0.99377,0.994769,0.993132,0.992122,1335.62,1345.44,1368.45,5.71851,1321.47,1341.0,1343.38,1351.45,1392.74,1397.55,1445.27,1353.98,1352.34,1376.83,6.49898,1321.95,1339.84,1344.12,1357.9,1412.87,1429.07,1447.39,1518.82,1513.19,1529.61,3.9634,1491.72,1506.15,1510.49,1520.93,1549.99,1557.04,1571.79,1517.45,1521.43,1531.16,4.43371,1493.96,1504.21,1508.23,1521.04,1553.8,1564.47,1577.82,1232.74,1172.11,1209.73,9.06008,1133.96,1164.85,1176.12,1185.07,1237.62,1270.79,1342.34,1206.05,1241.96,1239.0,9.55717,1165.64,1182.0,1185.98,1221.55,1300.82,1306.36,1333.66,1392.25,1337.85,1382.83,4.63307,1328.88,1353.18,1368.43,1376.5,1405.55,1408.49,1433.6,1385.75,1389.48,1397.02,4.63485,1345.55,1368.9,1375.6,1393.21,1414.47,1431.32,1440.38,-9999,-9999
2006,10.062,0.98653,8.11,1.747,0.988299,11.567,2.641,0.984601,9.846,8.977,1.776,10.516,2.49,10.019,0.98653,8.083,1.75,0.988299,11.511,2.622,0.984601,138.696,0.986644,140.217,137.982,0.986644,330.282,0.98653,325.096,330.25,0.98653,-9999,-9999,324.391,324.391,0.0,-9999,-9999,3.354,3.354,0.0,96.325,96.325,0.0,1246.079,1246.079,0.0,1.633,1.726,0.935388,0.17801864704098758,0.8575913242009132,289.03570867148017,0.9807077625570776,173.31492530849732,0.9818493150684932,403.892,0.985674,10.471,10.465,10.541,-9999,9.422,10.731,-9999,0.98653,0.986473,0.986473,-9999,0.488527,0.986416,-9999,25.661,28.834,25.609,31.025,0.98653,0.98653,0.98653,0.927968,-3.8706,0.98653,61.2725,-9999,-9999,-9999,10.861,-9999,-9999,-9999,-9999,-9999,0.0,0.0,377.82,369.584,0.937043,0.94161,-9999,-9999,-9999,-9999,374.221,367.068,0.941324,0.945662,-9999,-9999,-9999,-9999,375.328,363.758,0.936621,0.940758,5.20278,5.47784,334.834,345.316,354.941,368.048,383.058,392.937,430.254,319.6,336.408,340.889,363.982,370.457,379.915,428.452,0.949829,0.949886,0.946233,0.941952,0.9371,0.941039,0.900114,0.964269,0.959874,0.949886,0.936473,0.921176,0.920491,0.902683,3.53612,3.49735,0.975402,1.06646,0.948628,0.95292,-9999,-9999,-9999,-9999,-0.748494,-0.754036,3.09136,3.07084,0.918559,0.922838,-9999,-9999,-9999,-9999,3.51498,3.47652,1.05752,1.14363,0.952829,0.953249,-9999,-9999,-9999,-9999,-0.742755,-0.742845,3.07794,3.04299,0.922253,0.932934,-9999,-9999,-9999,-9999,3.3458,3.38071,3.42008,3.49528,3.54387,3.59697,3.70592,3.28301,3.33438,3.35392,3.46521,3.51405,3.55346,3.69357,0.958984,0.958984,0.953614,0.928113,0.948628,0.952829,0.900789,0.97661,0.97661,0.97661,0.953249,0.95292,0.928113,0.90857,-0.765045,-0.760148,-0.758387,-0.748494,-0.732205,-0.729163,-0.629973,-0.814832,-0.761753,-0.758782,-0.752476,-0.741357,-0.732238,-0.62947,0.930016,0.932934,0.923271,0.918559,0.921677,0.933671,0.895807,0.94593,0.917131,0.916935,0.916826,0.935543,0.921358,0.900449,1429.42,1431.77,1414.7,4.14876,1364.92,1377.31,1396.05,1421.97,1429.42,1438.65,1454.56,1429.37,1424.11,1421.27,3.27488,1369.47,1399.39,1417.63,1426.17,1432.49,1436.5,1444.49,1074.84,1064.7,1050.94,7.29612,922.182,1042.89,1049.92,1056.75,1076.53,1078.86,1094.43,1054.76,1049.89,1045.94,7.50362,919.483,1017.32,1043.56,1054.76,1071.48,1078.5,1088.13,1288.06,1236.52,1255.17,9.12398,1126.82,1193.95,1235.03,1255.79,1288.06,1304.69,1331.98,1352.66,1320.95,1279.35,7.70149,1209.22,1227.8,1250.7,1281.02,1304.09,1333.46,1352.66,953.52,932.609,957.414,3.94731,911.641,926.99,937.067,956.228,977.967,983.012,992.97,944.38,962.043,961.578,3.65931,913.934,935.428,944.38,965.625,975.272,983.012,997.155,-9999,-9999
2007,10.278,0.987158,8.251,1.796,0.993368,11.866,2.768,0.983076,9.914,9.012,1.88,10.632,2.586,10.244,0.987158,8.242,1.806,0.993368,11.816,2.756,0.983076,141.461,0.993094,139.018,141.243,0.993094,321.137,0.994007,325.261,321.177,0.994007,-9999,-9999,324.6,324.6,0.0,-9999,-9999,3.132,3.132,0.0,96.354,96.354,0.0,1220.696,1406.035,0.603653,1.846,1.866,0.991781,0.21099379362783652,0.908162100456621,288.05167568098943,0.9870433789954339,148.81295627655746,0.9906963470319634,381.925,0.993893,10.487,10.927,11.115,-9999,11.352,4.04,-9999,0.994121,0.994007,0.994007,-9999,0.994007,0.0187215,-9999,30.464,32.054,27.373,34.242,0.924943,0.9871,0.9871,0.9871,7.9537,0.994121,68.5592,-9999,-9999,-9999,9.15937,-9999,-9999,-9999,-9999,-9999,0.0,0.0,70.124,83.3082,0.992123,0.992409,-9999,-9999,-9999,-9999,86.7269,75.9,0.992409,0.992409,-9999,-9999,-9999,-9999,71.3608,63.9794,0.991434,0.991911,2.43624,2.87682,37.6981,57.7573,63.7268,76.1745,81.591,84.5562,86.026,21.1308,42.6311,59.6834,66.2715,77.6257,79.3845,85.0411,0.986644,0.992066,0.992009,0.99258,0.992409,0.992409,0.992295,0.992694,0.992694,0.992694,0.992694,0.99258,0.992523,0.99218,3.71691,3.78578,1.04003,1.14348,0.996027,0.996027,-9999,-9999,-9999,-9999,-2.5115,-2.49997,4.42053,4.44252,0.989082,0.98959,-9999,-9999,-9999,-9999,3.80477,3.7943,1.12126,1.19852,0.996027,0.996027,-9999,-9999,-9999,-9999,-2.49786,-2.52697,4.44636,4.44268,0.98959,0.98959,-9999,-9999,-9999,-9999,3.49104,3.65408,3.67623,3.77372,3.79598,3.80425,3.82524,3.43056,3.59761,3.65986,3.71414,3.78578,3.79538,3.81881,0.987808,0.996027,0.996027,0.996027,0.996027,0.996027,0.996027,0.987808,0.996027,0.996027,0.996027,0.996027,0.996027,0.996027,-2.53334,-2.52632,-2.5235,-2.51334,-2.50192,-2.49789,-2.49467,-2.53922,-2.52894,-2.52621,-2.51579,-2.51016,-2.49997,-2.49618,0.988984,0.989082,0.990158,0.989826,0.98959,0.989414,0.986822,0.990158,0.98959,0.98959,0.989826,0.989826,0.989234,0.986822,1510.11,1493.1,1491.88,5.25552,1412.16,1452.72,1478.87,1500.52,1512.94,1518.65,1525.04,1510.88,1510.79,1500.21,4.58999,1455.69,1478.87,1480.57,1506.27,1514.27,1522.17,1553.8,1447.41,1417.2,1427.9,3.15139,1391.78,1400.35,1415.88,1430.44,1445.71,1448.29,1450.6,1417.23,1424.07,1428.85,3.15164,1391.33,1410.17,1417.23,1425.01,1443.89,1447.08,1469.93,1468.7,1298.28,1420.05,13.5308,1284.92,1302.05,1360.32,1403.54,1491.25,1510.83,1550.85,1401.94,1401.34,1399.67,13.6351,1274.68,1296.7,1327.45,1393.2,1468.7,1501.84,1538.2,1386.51,1355.99,1398.88,6.45427,1352.11,1357.75,1369.04,1384.45,1436.99,1442.23,1457.8,1375.49,1372.1,1392.75,6.37711,1343.73,1355.65,1359.02,1377.65,1410.22,1444.9,1454.68,-9999,-9999
2008,9.642,0.988957,7.618,1.759,0.989982,11.247,2.713,0.98725,9.532,8.644,1.756,10.262,2.428,9.639,0.988957,7.611,1.768,0.989982,11.25,2.717,0.98725,135.166,0.992999,135.721,135.195,0.992999,322.6,0.988957,324.727,322.202,0.988957,-9999,-9999,323.926,323.926,0.0,-9999,-9999,3.049,3.049,0.0,96.241,96.241,0.0,1130.266,1189.119,0.999943,1.714,1.577,0.953097,0.20397274192884007,0.8210951730418945,282.43265476980696,0.9923155737704918,152.84783171530444,0.9999430783242258,375.766,0.985542,9.728,10.249,10.213,-9999,10.464,4.018,-9999,1.0,1.0,1.0,-9999,1.0,0.0,-9999,21.947,24.838,27.213,33.854,1.0,1.0,0.655453,0.700592,16.0861,1.0,54.0987,-9999,-9999,-9999,9.257,-9999,-9999,-9999,-9999,-9999,0.0,0.0,52.7627,37.0518,0.978256,0.97837,-9999,-9999,-9999,-9999,37.9783,37.1509,0.97837,0.978882,-9999,-9999,-9999,-9999,45.0342,42.6782,0.978518,0.978969,5.22651,5.09024,-5.72581,13.5697,26.5174,37.5495,57.1106,77.7426,103.834,-4.43807,9.74533,13.9079,36.1772,67.8705,79.0222,99.2017,0.981216,0.980248,0.97911,0.978768,0.978142,0.977971,0.976719,0.981159,0.980704,0.980248,0.97911,0.978085,0.977914,0.977061,3.55329,3.50464,0.904319,1.03897,0.989526,0.989526,-9999,-9999,-9999,-9999,-2.23782,-2.27446,4.15423,4.1536,0.961463,0.9617,-9999,-9999,-9999,-9999,3.50447,3.50573,1.04297,1.09341,0.989526,0.989526,-9999,-9999,-9999,-9999,-2.27139,-2.27487,4.15394,4.16234,0.9617,0.962602,-9999,-9999,-9999,-9999,3.36042,3.4337,3.47655,3.50475,3.57043,3.64852,3.7042,3.35447,3.41518,3.4358,3.50344,3.61674,3.64891,3.70079,0.989526,0.989526,0.989526,0.989526,0.989526,0.989435,0.989435,0.989526,0.989526,0.989526,0.989526,0.989526,0.989435,0.989435,-2.35799,-2.31966,-2.30116,-2.26715,-2.23317,-2.20582,-2.1328,-2.34887,-2.32421,-2.32052,-2.27834,-2.2212,-2.19979,-2.14254,0.968394,0.967127,0.965524,0.9617,0.961226,0.960989,0.958114,0.968275,0.96652,0.967127,0.962943,0.961074,0.960903,0.958696,1412.27,1417.57,1425.3,5.17252,1374.51,1391.76,1397.94,1417.02,1455.13,1465.26,1472.74,1417.66,1424.88,1427.31,4.86704,1377.37,1395.72,1402.53,1420.65,1450.75,1462.24,1480.54,1378.05,1380.42,1382.62,1.65289,1362.56,1376.15,1378.05,1381.38,1388.34,1392.81,1397.66,1373.58,1386.9,1382.27,2.82446,1344.01,1376.0,1379.47,1383.1,1392.12,1396.42,1398.19,1279.62,1295.0,1259.21,5.526,1191.94,1208.69,1225.7,1262.79,1283.55,1291.2,1295.76,1305.51,1296.4,1268.52,6.00331,1195.36,1214.77,1255.51,1267.84,1291.66,1301.71,1312.15,1213.95,1211.56,1204.75,3.1004,1155.56,1178.13,1200.16,1208.79,1217.44,1220.79,1223.82,1219.07,1208.39,1206.33,2.83274,1162.65,1190.48,1199.08,1209.78,1218.56,1221.53,1223.94,-9999,-9999
2009,9.714,0.869292,7.563,1.608,0.874,11.372,2.712,0.86482,9.716,8.686,1.91,10.497,2.58,9.467,0.869292,7.43,1.785,0.874,11.0,2.656,0.86482,139.329,0.999658,142.224,139.379,0.999658,323.345,0.999658,325.254,323.334,0.999658,-9999,-9999,324.592,329.218,0.788413,-9999,-9999,3.198,3.39,0.788413,96.141,96.141,0.0,1161.406,1079.413,0.999829,1.658,1.53,0.949087,0.19279429595893888,0.820433789954338,292.07942344753826,0.9997146118721463,157.27546942524256,0.9998287671232877,422.567,0.99355,10.49,10.363,10.314,-9999,10.897,4.651,-9999,1.0,1.0,1.0,-9999,1.0,0.0,-9999,16.721,23.853,24.904,28.753,0.998516,1.0,0.773231,0.784075,13.8917,0.999943,58.0407,-9999,-9999,0.263241,10.0137,-9999,-9999,0.158763,-9999,-9999,17.5781,21.2548,-252.334,-267.072,0.970833,0.976826,6.77965,7.63781,13.5643,14.4648,-252.236,-270.114,0.974372,0.977683,7.11989,7.65639,13.7375,14.4746,-255.529,-260.808,0.970301,0.975585,1.88261,1.87414,-274.187,-270.487,-265.093,-254.773,-248.786,-246.99,-232.98,-279.784,-273.938,-270.106,-261.461,-252.914,-249.37,-246.371,0.979623,0.977112,0.976484,0.974543,0.972717,0.974886,0.948858,0.980708,0.982648,0.982534,0.978995,0.974372,0.97129,0.970205,3.04676,2.98767,1.27917,1.55627,0.984579,0.989499,0.0253568,0.0305202,0.0638984,0.0671885,-3.41881,-3.44855,4.53558,4.56043,0.96017,0.967809,0.0250934,0.0268368,0.0345625,0.0311087,3.06754,2.97155,1.34326,1.573,0.988627,0.989652,0.0271226,0.0305733,0.0646195,0.0672126,-3.44069,-3.45235,4.54208,4.55851,0.964003,0.969054,0.026006,0.0269185,0.0352306,0.0311793,2.94487,2.97094,3.00966,3.04443,3.07017,3.08824,3.11196,2.94134,2.95834,2.97897,3.02756,3.05937,3.07805,3.1054,0.993312,0.989652,0.989822,0.982693,0.987921,0.98444,0.988728,0.993312,0.993312,0.996039,0.989177,0.989177,0.987001,0.988873,-3.47037,-3.45794,-3.45232,-3.43913,-3.41674,-3.41041,-3.39415,-3.47097,-3.46623,-3.46243,-3.45232,-3.4389,-3.43476,-3.40843,0.971362,0.970188,0.968157,0.967039,0.951301,0.956278,0.939637,0.972204,0.972813,0.971143,0.968157,0.967039,0.965469,0.95559,1290.8,1292.25,1288.62,5.2586,1225.5,1243.05,1278.28,1290.43,1302.92,1310.29,1329.68,1292.56,1303.68,1300.77,5.95206,1225.14,1275.49,1284.23,1296.0,1316.65,1325.77,1373.15,1564.71,1562.36,1549.43,3.79781,1499.44,1521.6,1544.12,1549.32,1561.35,1564.71,1583.15,1566.0,1555.92,1556.29,4.45518,1499.12,1542.84,1545.33,1550.66,1565.27,1578.03,1606.13,1061.71,1033.61,1073.29,5.90202,1026.71,1034.75,1044.21,1066.61,1090.16,1108.27,1145.9,1086.08,1058.04,1088.42,5.76497,1035.09,1049.68,1060.59,1078.35,1113.4,1131.27,1142.12,1332.56,1326.17,1345.0,3.88959,1315.21,1326.12,1329.37,1336.22,1348.51,1360.44,1394.49,1334.34,1332.3,1358.85,4.84284,1326.68,1329.46,1333.4,1346.09,1387.23,1392.48,1416.95,-9999,-9999
2010,8.394,1.0,6.403,1.755,1.0,9.955,2.464,1.0,8.708,7.827,1.764,9.403,2.345,8.394,1.0,6.403,1.755,1.0,9.955,2.464,1.0,133.556,0.996005,134.638,133.827,0.996005,324.891,1.0,324.984,324.891,1.0,318.54,0.996005,324.251,318.531,0.996005,3.012,1.0,2.991,3.012,1.0,95.973,95.973,0.0,1135.097,940.208,0.999943,1.687,1.714,0.963813,0.18616115979169526,0.8228310502283106,278.02527529495364,0.9946917808219178,160.89430959146995,0.9999429223744292,395.77,0.986358,10.049,9.528,9.431,-9999,10.255,5.28,-9999,1.0,1.0,1.0,-9999,1.0,0.0,-9999,26.18,29.964,25.969,30.444,1.0,1.0,0.999943,1.0,17.4993,0.98476,54.8238,-9999,-9999,0.245429,14.4046,-9999,-9999,0.126161,-9999,-9999,21.6767,23.0219,745.839,724.225,0.878767,0.890525,5.92533,6.31366,14.5664,13.7666,751.514,719.362,0.885217,0.890811,6.27607,6.35953,14.7125,13.7877,751.456,743.575,0.880581,0.888456,3.93738,2.62317,724.015,733.935,737.607,744.606,751.508,760.549,803.835,720.672,725.591,737.405,742.494,747.393,750.058,784.379,0.890525,0.892237,0.879737,0.87911,0.845548,0.898459,0.867466,0.890411,0.890183,0.879737,0.894349,0.885616,0.896461,0.859189,3.01602,3.03074,1.36134,1.67151,0.908482,0.91615,0.0223624,0.0249793,0.102818,0.08515,1.20756,1.13189,2.10051,2.18431,0.853358,0.868405,0.0218917,0.0222317,0.0950626,0.0464869,3.11526,3.0155,1.5286,1.67884,0.913014,0.91615,0.0243574,0.0251335,0.10327,0.0851954,1.18336,1.12367,2.1565,2.19712,0.860962,0.868805,0.0225611,0.0224206,0.0952189,0.0465776,2.87055,2.99317,3.01602,3.08959,3.1529,3.19389,3.25695,2.9682,3.02137,3.03668,3.11554,3.17472,3.18418,3.19847,0.878488,0.90551,0.908482,0.913997,0.915145,0.917658,0.891912,0.909185,0.91615,0.91615,0.913014,0.918772,0.917658,0.894653,1.11687,1.12863,1.13467,1.17769,1.21606,1.31364,1.36428,1.11389,1.12089,1.12763,1.13786,1.17829,1.20255,1.2901,0.875421,0.873431,0.870152,0.861816,0.853183,0.848772,0.840217,0.874666,0.868805,0.871066,0.872035,0.861816,0.856753,0.849427,1341.62,1303.2,1330.32,4.80588,1283.16,1287.84,1304.74,1339.43,1353.59,1354.66,1360.82,1288.11,1285.67,1323.14,7.47762,1269.94,1283.16,1286.64,1315.52,1348.37,1356.98,1400.95,603.312,583.84,586.743,4.40926,535.796,542.878,546.975,600.415,604.968,605.684,612.112,543.888,534.155,571.684,6.6845,475.701,535.138,543.888,583.832,602.638,606.178,623.17,1010.47,1116.48,1088.5,10.5409,970.274,997.049,1027.18,1098.01,1121.69,1164.96,1182.44,1103.8,994.005,1074.09,12.3036,956.598,976.932,990.454,1085.04,1133.2,1163.11,1184.67,433.85,484.41,479.117,6.41807,405.927,426.321,433.85,479.045,512.873,522.147,536.381,426.828,429.878,460.325,6.70553,403.886,407.626,423.192,463.734,486.567,510.724,521.646,-9999,-9999
2011,9.864,1.0,7.44,1.938,1.0,11.762,2.987,1.0,10.238,9.066,2.099,11.173,2.858,9.864,1.0,7.44,1.938,1.0,11.762,2.987,1.0,150.497,0.997432,147.337,150.528,0.997432,322.894,1.0,324.991,322.894,1.0,324.44,0.997432,324.259,324.357,0.997432,3.039,1.0,3.523,3.039,1.0,96.415,96.415,0.0,1015.801,932.436,1.0,1.54,1.517,0.983961,0.18695280352557095,0.8311643835616438,306.8016224961071,0.9950913242009134,154.8801039480715,0.9998858447488586,417.396,0.997831,11.385,10.514,10.339,-9999,11.107,5.322,-9999,0.999943,1.0,1.0,-9999,1.0,0.0128995,-9999,25.144,29.078,20.481,29.829,1.0,0.833619,0.688014,0.82968,14.9001,0.999943,53.7517,-9999,-9999,0.220117,15.4273,-9999,-9999,0.154682,-9999,-9999,22.874,25.1014,-332.171,-328.235,0.967466,0.977511,6.89447,7.59059,11.7081,10.1868,-337.923,-340.887,0.974943,0.977911,7.3696,7.76192,11.994,10.3151,-339.038,-337.141,0.967743,0.974769,1.37229,1.08814,-358.501,-350.521,-344.241,-336.216,-333.157,-331.595,-329.54,-352.862,-344.241,-341.376,-336.43,-332.171,-330.653,-328.235,0.97403,0.971632,0.979338,0.951313,0.981393,0.975628,0.983961,0.971518,0.979338,0.979623,0.982477,0.975,0.984247,0.977511,2.91742,2.86768,1.63503,1.9887,0.984438,0.992688,0.0258173,0.0304701,0.0602371,0.0556084,-3.57848,-3.5559,4.55623,4.6108,0.952606,0.965057,0.0256276,0.0263825,0.0326136,0.0317463,2.86172,2.80076,1.87078,2.04273,0.991565,0.992675,0.0292651,0.0314177,0.0617933,0.0561332,-3.59201,-3.55675,4.5779,4.61352,0.961112,0.965627,0.0259166,0.0267273,0.0328412,0.0320334,2.75922,2.77967,2.79521,2.82742,2.88424,2.88851,2.90862,2.77934,2.79382,2.80271,2.82458,2.86377,2.88686,2.91054,0.990875,0.930305,0.992218,0.992886,0.968083,0.976342,0.984235,0.992103,0.992584,0.993288,0.992407,0.992774,0.992323,0.97857,-3.60266,-3.58728,-3.57941,-3.56398,-3.55007,-3.54694,-3.5397,-3.60005,-3.58218,-3.57701,-3.5559,-3.5484,-3.54686,-3.54277,0.960139,0.940392,0.955511,0.965167,0.970542,0.970754,0.972948,0.958655,0.961297,0.954856,0.965057,0.973467,0.967852,0.973034,1285.26,1292.99,1283.69,2.63889,1246.23,1268.96,1273.05,1286.46,1295.96,1299.2,1303.06,1304.71,1304.04,1286.21,3.64188,1241.0,1259.27,1272.57,1289.41,1295.49,1302.87,1313.28,1616.56,1633.87,1620.83,2.48683,1585.64,1605.37,1611.07,1619.54,1631.82,1637.16,1642.38,1614.53,1641.96,1625.24,3.988,1586.36,1595.88,1614.26,1624.13,1634.76,1642.75,1663.09,975.417,948.331,969.9,8.83786,854.472,931.598,944.199,960.352,978.904,1026.79,1089.7,957.366,944.475,995.857,11.6734,853.117,933.812,952.459,970.819,1035.63,1076.42,1103.92,1422.05,1421.42,1414.32,5.07828,1346.83,1382.08,1393.23,1417.21,1432.14,1435.31,1472.54,1428.45,1414.2,1428.96,6.41878,1334.69,1386.33,1399.73,1428.85,1443.02,1473.5,1497.3,-9999,-9999
2012,9.127,1.0,7.035,1.873,1.0,10.761,2.655,1.0,9.504,8.528,1.939,10.249,2.588,9.127,1.0,7.035,1.873,1.0,10.761,2.655,1.0,141.125,0.997495,142.029,141.322,0.997495,325.845,1.0,325.786,325.845,1.0,323.262,0.997495,325.263,323.256,0.997495,2.598,1.0,3.006,2.598,1.0,96.274,96.274,0.0,1285.495,1223.726,0.999829,1.726,1.692,0.979053,0.19470459718155458,0.8405054644808743,293.31943729733064,0.9963570127504554,170.36483454528172,0.8800660291438979,438.598,0.998634,10.452,10.433,10.156,-9999,11.173,11.194,-9999,0.999772,0.9412,0.997495,-9999,0.91587,0.9412,-9999,32.083,34.311,28.983,33.745,1.0,0.35946,0.306694,0.811248,12.4065,0.999488,48.2333,-9999,-9999,0.198058,10.8849,-9999,-9999,0.14178,-9999,-9999,22.8962,25.0656,-205.038,-208.937,0.959472,0.961635,6.43816,6.53253,22.3869,25.3696,-235.38,-224.574,0.966189,0.963969,6.85033,6.64682,22.5089,25.3992,-213.071,-208.271,0.961991,0.950428,3.09683,3.83644,-235.195,-231.233,-228.744,-223.265,-195.094,-188.351,-181.666,-233.5,-232.132,-229.122,-215.535,-190.365,-183.104,-172.302,0.965562,0.972108,0.964595,0.978427,0.958959,0.954406,0.942168,0.971596,0.965392,0.964595,0.980305,0.957992,0.926799,0.935735,3.02878,3.02006,1.48837,1.49736,0.97023,0.972591,0.0218385,0.0223683,0.102488,0.106718,-3.1073,-3.11561,4.56573,4.579,0.946629,0.948619,0.0255766,0.0258009,0.0402176,0.0431477,2.86646,2.93252,1.55413,1.51561,0.977512,0.975387,0.0243589,0.0230586,0.103055,0.106865,-3.12768,-3.12917,4.57351,4.58518,0.953604,0.950866,0.0263811,0.0260336,0.0407339,0.0432873,2.87359,2.88823,2.89929,2.93394,3.03781,3.0885,3.11412,2.87076,2.88965,2.90277,2.96121,3.07769,3.09835,3.14065,0.977512,0.995629,0.985402,0.988016,0.912223,0.969603,0.877491,0.995629,0.984669,0.987846,0.994993,0.869356,0.878595,0.944743,-3.13945,-3.13467,-3.12873,-3.11386,-3.10243,-3.0726,-3.05752,-3.13817,-3.13427,-3.12832,-3.10811,-3.07518,-3.0651,-3.03671,0.95765,0.95245,0.954406,0.964893,0.947171,0.934765,0.915226,0.949793,0.95052,0.953604,0.967172,0.93966,0.937286,0.882296,1297.65,1287.68,1288.39,3.23519,1249.08,1257.29,1281.06,1290.78,1300.03,1305.67,1315.92,1291.6,1289.04,1287.98,3.22397,1249.87,1255.46,1279.85,1291.43,1300.21,1302.05,1314.73,1517.29,1512.26,1496.66,4.12868,1444.72,1468.48,1475.69,1499.33,1519.4,1523.34,1530.18,1526.1,1524.42,1501.05,3.49558,1459.98,1477.44,1479.23,1503.19,1519.52,1525.9,1530.39,1057.64,1105.95,1081.64,9.29177,1009.11,1031.15,1041.92,1077.1,1094.77,1110.0,1177.22,1105.19,1144.7,1066.54,6.32448,980.529,1033.97,1043.14,1056.33,1089.67,1104.24,1124.17,1320.12,1292.81,1318.67,7.5931,1277.31,1282.37,1286.08,1301.32,1320.69,1364.56,1426.01,1316.84,1323.3,1303.59,5.00034,1275.61,1280.59,1284.5,1291.47,1312.51,1320.35,1363.13,-9999,-9999
2013,8.685,0.958562,6.941,1.609,0.960731,10.005,2.389,0.95578,8.975,8.014,1.76,9.721,2.371,8.786,0.958562,7.041,1.641,0.960731,10.108,2.432,0.95578,135.751,0.965582,134.334,136.097,0.965582,330.001,0.958562,326.243,329.602,0.958562,323.645,0.956279,325.839,324.784,0.956279,2.313,0.958562,2.797,2.332,0.958562,96.153,96.153,0.0,1210.987,1195.567,0.963927,1.661,1.712,0.951941,0.20816607601020615,0.8162100456621005,284.0419145361541,0.957933789954338,-9999,-9999,430.987,0.958733,10.556,10.17,9.041,-9999,13.336,8.726,-9999,0.789155,0.789155,0.38516,-9999,0.5504,0.38516,-9999,39.536,38.454,41.114,43.178,0.871461,0.800285,0.800285,0.00901826,3.90748,0.771518,51.6442,-9999,-9999,0.182288,8.16842,-9999,-9999,0.128667,-9999,-9999,22.6137,25.0411,4.13232,1.43607,0.932648,0.934018,6.07945,6.23167,22.2865,23.4609,-19.0955,-17.5622,0.934874,0.934247,6.48711,6.36118,22.4011,23.4956,-16.0968,-11.6717,0.93106,0.924625,3.59229,3.98423,-52.9347,-37.1796,-34.6803,-18.4249,3.48221,5.70298,10.9476,-48.9153,-37.6301,-33.4034,-18.0111,4.32915,7.60619,27.8654,0.943037,0.93984,0.940183,0.934874,0.933619,0.93379,0.92968,0.942295,0.93984,0.937215,0.934646,0.929795,0.932648,0.87774,3.20382,3.15605,1.41343,1.50704,0.945946,0.946992,0.0221661,0.023078,0.140189,0.144915,-2.03157,-2.01332,4.06408,4.0762,0.916926,0.918854,0.0230723,0.0233671,0.0307784,0.0346463,3.05453,3.06194,1.60256,1.57231,0.946935,0.946387,0.0245857,0.0237774,0.140592,0.145028,-2.03403,-2.0323,4.04225,4.03647,0.920711,0.919835,0.0238617,0.0236731,0.0313746,0.0348535,2.8681,2.96845,2.97665,3.06014,3.19573,3.24531,3.26252,2.90032,2.96468,2.99354,3.0606,3.21788,3.25081,3.30068,0.952814,0.9481,0.9481,0.946935,0.934129,0.944576,0.941443,0.952396,0.949615,0.950746,0.946935,0.930884,0.910384,0.899689,-2.07802,-2.06311,-2.06179,-2.05388,-2.03282,-2.02237,-2.01225,-2.07292,-2.06473,-2.06088,-2.04766,-2.0277,-2.01357,-1.97808,0.929474,0.908308,0.926233,0.910395,0.913345,0.878439,0.918656,0.930813,0.928477,0.926233,0.881758,0.919835,0.912681,0.865767,1347.69,1324.94,1341.79,5.1082,1286.22,1315.67,1322.15,1333.4,1354.6,1373.42,1402.66,1322.78,1325.3,1333.75,3.94007,1280.22,1314.41,1322.78,1330.81,1343.78,1354.91,1372.75,1345.61,1342.5,1353.46,2.79648,1326.25,1334.23,1340.16,1351.85,1363.56,1364.35,1384.49,1364.14,1344.4,1349.84,2.45532,1326.15,1332.96,1335.78,1349.26,1360.42,1364.75,1369.82,1541.19,1485.15,1500.68,8.70541,1428.41,1441.48,1455.88,1502.57,1524.71,1558.59,1598.39,1498.52,1497.05,1486.91,7.0698,1435.97,1441.48,1451.21,1494.17,1512.84,1522.04,1562.72,1443.4,1447.79,1458.91,4.05562,1426.02,1433.74,1442.56,1455.41,1469.25,1477.84,1500.14,1459.2,1450.19,1453.94,2.59905,1431.42,1435.47,1438.35,1453.34,1467.34,1471.63,1476.23,-9999,-9999
2014,10.288,0.998402,8.444,1.713,0.998447,11.722,2.66,0.998326,10.467,9.565,1.768,11.195,2.579,10.284,0.998402,8.44,1.718,0.998447,11.719,2.66,0.998326,146.023,0.85371,138.907,140.783,0.85371,337.878,0.851941,329.98,337.292,0.851941,329.131,0.852112,330.557,328.008,0.852112,2.415,0.998402,2.922,2.415,0.998402,96.103,96.103,0.0,1227.094,946.186,0.999943,1.484,1.529,0.976769,0.19326600829969406,0.8309931506849315,262.41318796304813,0.851027397260274,-9999,-9999,431.571,0.985959,11.831,11.472,11.138,-9999,13.1,10.873,-9999,1.0,1.0,1.0,-9999,0.780479,1.0,-9999,26.721,33.647,45.16,47.556,0.734932,0.779224,1.0,1.0,-9999,1.0,52.2213,-9999,-9999,0.192476,14.8476,-9999,-9999,0.123881,-9999,-9999,21.2027,22.6603,-168.744,-173.984,0.906678,0.908733,8.02392,8.18551,16.7276,32.2206,-175.824,-176.594,0.911416,0.910502,8.51496,8.43615,16.9686,32.2852,-163.871,-152.063,0.906805,0.896882,3.15522,6.45487,-179.956,-177.427,-176.782,-171.614,-162.282,-148.072,-122.762,-179.411,-177.15,-175.885,-170.995,-145.204,-114.823,-76.247,0.915354,0.917808,0.915753,0.921347,0.901998,0.897603,0.864897,0.911986,0.917637,0.911073,0.917922,0.900856,0.868037,0.815753,3.2688,3.23699,1.80022,1.83374,0.887523,0.889418,0.0301669,0.0310061,0.0781856,0.143797,-3.06694,-3.0837,4.6755,4.69869,0.918747,0.92079,0.0297434,0.0301364,0.0420407,0.0518229,3.24645,3.24189,1.91345,1.86693,0.893139,0.891334,0.0324201,0.032142,0.0790823,0.144046,-3.10347,-3.09816,4.7262,4.71436,0.922785,0.922537,0.0311989,0.0308901,0.0430828,0.0522648,3.19518,3.21072,3.2207,3.24773,3.29625,3.35498,3.45199,3.20012,3.21383,3.23437,3.2497,3.35268,3.49465,3.60892,0.913532,0.895269,0.903035,0.889229,0.882983,0.870773,0.839976,0.90235,0.899152,0.902761,0.892274,0.875056,0.842642,0.79082,-3.10403,-3.10025,-3.09778,-3.08411,-3.06046,-3.04083,-3.01395,-3.1029,-3.1003,-3.09698,-3.0837,-3.04087,-3.01598,-2.90394,0.926234,0.925127,0.922537,0.92079,0.935534,0.907789,0.89826,0.92368,0.925127,0.925494,0.92079,0.910326,0.888286,0.854828,1441.91,1448.66,1471.54,7.068,1418.76,1434.86,1437.76,1451.39,1494.94,1512.37,1552.23,1451.96,1456.47,1457.58,5.655,1397.4,1422.6,1435.73,1448.66,1481.95,1495.16,1517.61,1624.74,1625.25,1623.6,2.92953,1591.53,1600.64,1607.73,1623.28,1636.09,1644.46,1652.78,1613.31,1632.3,1621.45,3.8593,1566.51,1597.35,1606.72,1623.21,1640.27,1646.57,1653.3,1429.22,1371.25,1406.45,12.0445,1318.69,1330.18,1350.38,1382.08,1436.5,1481.8,1560.43,1393.18,1395.64,1397.35,11.8019,1290.04,1323.99,1339.97,1382.59,1436.31,1459.56,1528.44,1474.02,1477.53,1482.45,8.44111,1421.82,1431.63,1437.87,1473.2,1495.84,1520.3,1592.55,1475.5,1469.61,1476.27,7.14486,1421.51,1431.77,1439.62,1471.13,1486.96,1507.41,1555.75,-9999,-9999
2015,10.097,0.998573,8.154,1.9,1.0,11.59,2.754,0.996477,10.381,9.331,1.965,11.201,2.699,10.096,0.998573,8.154,1.9,1.0,11.587,2.757,0.996477,151.62,0.998231,146.36,151.61,0.998231,326.456,0.998573,327.073,326.467,0.998573,323.096,0.998116,326.887,323.064,0.998116,3.607,0.998573,3.815,3.608,0.998573,96.472,96.472,0.0,983.714,1071.73,0.996518,1.58,1.724,0.895034,0.21431860208365808,0.7051940639269407,277.51271090108213,0.9956621004566208,-9999,-9999,438.378,0.990982,10.952,10.773,10.628,-9999,11.529,10.467,-9999,0.998573,0.998573,0.998573,-9999,0.998573,0.998573,-9999,28.115,29.278,40.181,39.842,0.997717,0.998573,0.998573,0.998573,-9999,1.0,48.5701,-9999,-9999,0.179573,12.9668,-9999,-9999,0.169844,-9999,-9999,22.8712,25.1068,-222.931,-216.806,0.965354,0.970434,7.58303,7.9189,53.2492,46.1579,-225.682,-229.592,0.970434,0.970947,7.99135,8.12148,53.3089,46.193,-217.652,-222.096,0.965377,0.968047,7.68367,5.87632,-279.002,-269.313,-250.131,-222.931,-205.552,-163.9,-137.655,-275.324,-264.721,-247.269,-230.403,-212.976,-173.774,-148.579,0.974429,0.976142,0.972774,0.965354,0.963584,0.958219,0.939441,0.9746,0.972774,0.973174,0.971233,0.968322,0.959418,0.956735,3.56901,3.57319,1.66808,1.79707,0.980661,0.988836,0.0288082,0.0311019,0.267747,0.237648,-3.88408,-3.86585,5.1991,5.24299,0.949999,0.953426,0.0278382,0.028168,0.050384,0.0486963,3.54043,3.55031,1.82527,1.85066,0.988735,0.988857,0.031457,0.0320326,0.268045,0.237772,-3.87367,-3.88567,5.23889,5.23878,0.95354,0.954392,0.0283611,0.0287648,0.0506748,0.0490439,3.3019,3.35708,3.43788,3.56507,3.6618,3.88947,4.01543,3.32005,3.36915,3.44994,3.54727,3.61404,3.84036,3.93863,0.991631,0.991631,0.990526,0.981645,0.977522,0.970739,0.969007,0.991631,0.991487,0.991896,0.989327,0.9801,0.9699,0.965814,-3.94701,-3.92754,-3.91395,-3.88408,-3.86277,-3.84355,-3.76786,-3.9394,-3.92899,-3.91361,-3.88589,-3.86585,-3.84955,-3.83089,0.957642,0.955991,0.965628,0.949999,0.951616,0.945549,0.928707,0.959484,0.955991,0.956075,0.954437,0.953426,0.94392,0.937167,1522.66,1519.18,1549.69,7.92825,1479.14,1491.12,1506.15,1522.66,1589.95,1597.06,1634.42,1564.67,1554.9,1554.45,10.0474,1469.93,1487.97,1503.03,1553.58,1588.67,1598.12,1653.49,1756.8,1748.77,1771.79,3.32501,1748.97,1753.19,1755.21,1760.96,1787.99,1797.85,1809.57,1751.58,1780.59,1772.1,3.58945,1746.08,1751.58,1754.46,1763.85,1791.2,1801.59,1809.58,1415.84,1390.65,1432.22,10.6408,1365.46,1373.89,1376.01,1413.87,1464.1,1489.81,1549.05,1422.1,1380.68,1443.22,14.4118,1299.58,1374.6,1379.8,1438.23,1472.0,1515.89,1593.46,1703.86,1663.97,1693.7,5.58563,1655.8,1662.96,1666.15,1688.14,1708.5,1725.47,1746.55,1675.83,1657.05,1700.18,7.63745,1628.73,1663.62,1669.18,1694.93,1713.54,1735.15,1789.32,-9999,-9999
2016,9.462,0.996983,7.759,1.689,0.999431,10.81,2.497,0.994634,9.575,8.54,1.802,10.39,2.484,9.458,0.996983,7.761,1.691,0.999431,10.8,2.501,0.994634,134.064,0.996015,137.533,134.066,0.996015,332.712,0.996983,327.455,332.669,0.996983,325.129,0.995219,327.369,324.979,0.995219,3.091,0.996983,2.723,3.085,0.996983,96.315,96.315,0.0,1295.14,1533.632,0.996015,1.517,1.805,0.976434,0.3746068683576486,0.8223474499089252,245.692165064345,0.9950478142076503,-9999,-9999,435.47,1.0,11.056,10.619,11.254,10.831,10.813,11.832,-9999,0.993568,0.997609,0.997609,0.997609,0.997609,0.997609,-9999,32.092,34.843,42.066,43.225,0.965278,0.945355,0.997609,0.997609,-9999,1.0,44.9051,-9999,-9999,0.228631,48.3742,-9999,-9999,0.611077,-9999,-9999,22.8934,25.0656,710.506,721.212,0.987819,0.988445,11.6641,11.753,38.1025,27.2598,738.568,724.07,0.989583,0.988559,11.9911,11.7871,38.2038,27.2745,732.778,727.515,0.987171,0.987668,5.44594,3.82334,681.011,694.418,710.506,736.187,753.881,766.964,780.037,694.314,701.962,709.136,723.204,745.592,751.154,767.478,0.97541,0.985883,0.987819,0.989469,0.99038,0.991348,0.992316,0.983208,0.980362,0.986794,0.988616,0.989925,0.989811,0.991063,2.99931,3.05968,3.44897,3.46574,0.996034,0.996034,0.0521949,0.0524251,0.218234,0.168523,1.23311,1.23437,3.2459,3.26025,0.980598,0.981727,0.0343581,0.0348313,0.0362035,0.0363632,3.16958,3.08212,3.55481,3.49125,0.997527,0.996135,0.0535725,0.0526105,0.218567,0.16858,1.23211,1.23135,3.28776,3.26501,0.982332,0.981767,0.0354242,0.0348927,0.0372168,0.036422,2.76313,2.90194,2.99204,3.16197,3.26348,3.32574,3.40472,2.89062,2.93277,2.98571,3.0762,3.22954,3.25309,3.33584,0.986325,0.995578,0.996199,0.997527,0.997408,0.997851,0.998594,0.986635,0.995578,0.996074,0.996034,0.997527,0.997408,0.997408,1.21615,1.22135,1.22797,1.23389,1.23871,1.24417,1.25881,1.21733,1.2239,1.22709,1.23292,1.23759,1.24479,1.25807,0.983594,0.983508,0.980406,0.981727,0.977513,0.985095,0.986442,0.982918,0.982694,0.980406,0.980598,0.982502,0.985364,0.974093,1331.56,1298.76,1337.26,6.41704,1261.77,1285.13,1302.18,1342.07,1366.08,1370.66,1389.07,1327.89,1321.09,1347.57,8.14792,1257.55,1287.35,1317.26,1361.23,1370.51,1388.66,1420.96,595.111,574.686,609.747,4.78606,561.927,575.505,580.284,603.179,639.784,646.912,649.732,589.827,582.518,614.794,4.79324,563.703,576.543,585.797,618.925,639.73,647.235,649.753,1470.63,1444.1,1469.34,6.38787,1419.26,1428.47,1441.49,1460.35,1482.64,1508.05,1552.55,1429.14,1428.88,1481.61,8.43595,1423.34,1429.14,1441.03,1466.78,1505.5,1537.22,1560.7,675.393,675.18,675.277,2.17133,656.287,660.067,665.381,673.024,678.806,690.12,700.681,663.056,661.093,679.575,3.00113,653.66,662.646,665.09,672.247,684.551,703.03,710.44,-9999,-9999
2017,9.829,0.983447,7.883,1.949,0.985388,11.336,2.85,0.982344,9.815,8.655,2.052,10.708,2.904,9.847,0.983447,7.915,1.958,0.985388,11.339,2.841,0.982344,147.489,0.981279,142.477,147.299,0.981279,317.243,0.980422,325.186,317.444,0.980422,325.147,0.98105,324.506,325.351,0.98105,3.655,0.983447,3.382,3.65,0.983447,96.432,96.46,0.794692,1054.848,1074.139,0.98145,1.591,1.77,0.941553,0.21488210429147597,0.793607305936073,277.65997397092417,0.976769406392694,-9999,-9999,437.725,0.996575,10.548,10.747,10.806,11.212,10.847,11.007,-9999,0.928425,0.983276,0.983276,0.983276,0.983276,0.983276,-9999,27.81,30.079,37.811,39.306,0.681221,0.698858,0.698858,0.268493,-9999,1.0,48.1068,-9999,-9999,0.158223,14.4874,-9999,-9999,0.285984,-9999,-9999,22.8877,25.0767,-234.086,-224.894,0.973858,0.973744,7.62786,7.56943,15.5406,19.0212,-236.113,-232.397,0.98105,0.975285,8.6194,7.63567,16.0506,19.0477,-228.395,-224.894,0.976906,0.973159,2.27802,2.43598,-247.805,-240.966,-239.905,-231.223,-222.638,-213.886,-200.28,-247.198,-241.367,-237.734,-227.608,-215.006,-206.466,-198.664,0.984418,0.981564,0.985388,0.986187,0.987329,0.970947,0.965468,0.984703,0.981564,0.98282,0.978425,0.972831,0.950628,0.952283,3.99049,4.06184,1.96396,1.88619,0.977748,0.977748,0.029041,0.028547,0.0704156,0.0728525,-3.91608,-3.91628,5.81002,5.82126,0.967647,0.967458,0.027949,0.0279672,0.0349881,0.0378735,4.03908,4.00382,2.25012,1.96547,0.987978,0.980613,0.0349856,0.0290929,0.0730683,0.0730682,-3.94487,-3.91613,5.81255,5.8121,0.97292,0.968038,0.0295787,0.0279584,0.0363032,0.0378669,3.97567,3.99803,4.01921,4.05117,4.08563,4.12633,4.17906,3.97486,4.00935,4.01965,4.05043,4.10983,4.1434,4.19781,0.980613,0.992304,0.988389,0.993699,0.995165,0.97292,0.971014,0.992487,0.990879,0.986886,0.986575,0.973495,0.967968,0.960814,-3.95247,-3.95076,-3.9456,-3.92945,-3.91608,-3.90866,-3.8966,-3.95225,-3.948,-3.9418,-3.92126,-3.90984,-3.89693,-3.88996,0.97537,0.974849,0.973849,0.968906,0.967647,0.966305,0.944447,0.974849,0.975985,0.978131,0.964461,0.966424,0.956712,0.945399,1771.77,1757.81,1770.0,2.66414,1740.78,1754.12,1759.69,1767.05,1778.36,1788.33,1801.58,1758.89,1763.81,1762.95,2.75484,1736.38,1746.27,1750.15,1759.43,1768.47,1777.97,1800.29,1990.48,1990.21,1994.89,1.9652,1966.5,1984.91,1988.01,1996.05,2001.46,2005.76,2013.07,2000.44,1999.92,1991.35,2.04885,1967.04,1981.27,1983.13,1992.83,2000.2,2002.3,2008.76,1834.53,1818.33,1820.81,7.86372,1745.18,1761.91,1778.94,1814.49,1848.26,1874.95,1905.19,1791.38,1762.74,1790.6,9.28642,1707.65,1728.38,1741.61,1780.39,1822.65,1851.94,1899.0,1931.36,1920.45,1903.86,3.32429,1878.77,1883.09,1887.71,1899.4,1917.95,1923.54,1932.05,1897.94,1891.15,1893.55,3.6029,1863.97,1869.17,1879.39,1888.44,1903.79,1917.28,1930.97,-9999,-9999
2018,10.994,0.997203,9.069,1.897,1.0,12.44,2.763,0.995376,10.817,9.694,1.963,11.654,2.732,10.996,0.997203,9.069,1.897,1.0,12.444,2.757,0.995376,148.302,0.990639,145.798,148.186,0.990639,331.707,0.997203,330.479,331.652,0.997203,333.058,0.990525,331.186,332.87,0.990525,4.117,0.997203,3.812,4.117,0.997203,96.198,96.212,0.994521,958.636,1156.184,0.995091,1.632,1.787,0.98847,0.2515399544647221,0.8577054794520548,250.6131171678826,0.9146118721461187,-9999,-9999,464.871,0.995947,12.334,11.572,11.47,11.702,11.686,11.586,-9999,0.997203,0.979167,0.996404,0.996404,0.996404,0.996404,-9999,20.316,29.036,25.405,26.87,0.696861,0.696861,0.696861,0.696861,-2.48087,0.767237,41.4748,-9999,-9999,0.159727,15.6267,-9999,-9999,0.224428,-9999,-9999,22.8877,25.1096,416.448,394.204,0.982363,0.982934,8.48535,8.75039,16.1343,16.2643,378.999,389.418,0.984304,0.983505,9.21546,8.85243,16.5299,16.3194,404.528,404.577,0.981814,0.981615,3.19252,3.11329,379.854,389.022,393.375,398.945,410.753,416.468,458.334,380.228,390.048,391.584,399.492,411.871,417.468,443.671,0.984304,0.990354,0.983447,0.985445,0.979281,0.982078,0.974943,0.984247,0.983961,0.983619,0.986187,0.978653,0.982363,0.975685,4.72218,4.56594,2.25759,2.38477,0.994429,0.995055,0.0369495,0.0382269,0.0919027,0.0930334,-1.29854,-1.30329,4.21803,4.24363,0.972101,0.972801,0.0264458,0.0271281,0.0366945,0.0337087,4.49127,4.54946,2.57848,2.44186,0.996082,0.995569,0.0406613,0.038631,0.0934569,0.0932002,-1.31846,-1.31143,4.25089,4.24457,0.97454,0.973521,0.0280932,0.0274931,0.037899,0.0340031,4.49271,4.55388,4.57886,4.63193,4.69628,4.72218,4.78304,4.49233,4.55163,4.56073,4.63365,4.69961,4.72126,4.86815,0.996082,0.995945,0.995055,0.997143,0.992539,0.994429,0.989747,0.996082,0.995055,0.995569,0.996477,0.99431,0.99431,0.989105,-1.35369,-1.34633,-1.33692,-1.31565,-1.30415,-1.29545,-1.27256,-1.352,-1.33527,-1.31991,-1.31135,-1.30329,-1.29525,-1.26115,0.981794,0.982717,0.977968,0.97608,0.969788,0.971625,0.963569,0.981778,0.977641,0.975753,0.973521,0.972801,0.971625,0.95868,1911.5,1917.34,1903.67,3.94088,1861.0,1881.4,1889.09,1896.96,1919.7,1927.12,1947.37,1890.0,1890.38,1898.51,3.94034,1856.32,1870.99,1887.58,1894.76,1905.87,1922.49,1941.47,1496.6,1527.92,1499.1,5.01839,1426.02,1468.83,1483.06,1499.72,1522.9,1530.23,1535.32,1499.59,1511.38,1493.98,4.23049,1446.57,1468.89,1473.49,1493.76,1510.14,1525.32,1535.83,1643.39,1597.33,1665.64,11.0795,1560.87,1590.07,1603.65,1643.39,1735.3,1736.76,1758.66,1598.89,1688.94,1655.75,12.1166,1543.22,1593.32,1603.86,1632.9,1732.74,1746.45,1775.5,1442.82,1427.79,1450.18,4.18984,1413.9,1423.82,1424.83,1442.82,1468.32,1473.47,1502.26,1458.09,1463.72,1443.89,4.89911,1401.63,1415.96,1423.44,1438.07,1467.0,1475.7,1487.76,-9999,-9999
2019,10.303,0.978425,8.289,1.991,0.982087,11.866,2.837,0.974382,10.329,9.165,2.059,11.235,2.758,10.247,0.978425,8.225,1.988,0.982087,11.819,2.834,0.974382,149.504,0.978596,146.121,149.256,0.978596,326.381,0.978425,326.527,325.988,0.978425,326.422,0.978196,326.198,326.289,0.978196,3.645,0.978425,3.6,3.633,0.978425,96.243,96.25,0.974715,1123.981,1194.594,0.974715,1.667,1.764,0.971233,0.2253657263756711,0.8611301369863014,282.3758540836742,0.948230593607306,-9999,-9999,458.785,0.975114,10.765,-9999,-9999,-9999,-9999,-9999,-9999,0.887728,-9999,-9999,-9999,-9999,-9999,-9999,28.377,31.298,27.448,30.366,0.975742,0.975742,0.978368,0.978368,0.374749,0.975628,41.9294,-9999,-9999,0.164909,14.4373,-9999,-9999,0.24842,-9999,-9999,22.8603,25.1014,-75.7988,-83.1361,0.963699,0.96718,8.95502,9.43151,12.2542,12.8479,-86.1976,-86.0108,0.968151,0.968151,9.66953,9.6694,12.7856,13.0235,-83.1033,-83.3172,0.963801,0.964508,1.82896,1.83697,-114.682,-93.4101,-89.7488,-82.5879,-77.6423,-76.6802,-65.4539,-110.65,-93.5598,-89.7222,-82.4782,-77.3352,-76.1111,-64.5241,0.93613,0.908505,0.968151,0.96758,0.969806,0.970091,0.963185,0.94395,0.969349,0.968151,0.965868,0.970548,0.963699,0.960902,3.84966,3.80107,2.79325,2.90202,0.976134,0.97937,0.0373571,0.0401312,0.0717264,0.0689278,-2.96136,-2.94179,5.21778,5.24245,0.950639,0.95436,0.0297357,0.0304628,0.03076,0.0312768,3.7747,3.77532,2.99568,2.99556,0.979891,0.979891,0.0416942,0.0416921,0.0740778,0.0698481,-2.94174,-2.94145,5.25771,5.25782,0.955655,0.955655,0.0306183,0.0306196,0.031614,0.0314295,3.56728,3.74246,3.7703,3.80532,3.84149,3.86492,3.91356,3.56989,3.75333,3.77516,3.80216,3.84811,3.86541,3.90222,0.945923,0.979891,0.980439,0.97948,0.981051,0.980591,0.97583,0.945923,0.979891,0.980439,0.979891,0.976134,0.976686,0.97342,-2.96461,-2.9576,-2.95173,-2.94714,-2.94373,-2.94186,-2.93507,-2.9611,-2.95596,-2.95254,-2.947,-2.94362,-2.94179,-2.93426,0.9444,0.958635,0.958635,0.959039,0.953677,0.954974,0.961383,0.950639,0.950365,0.958635,0.955655,0.953472,0.95436,0.926391,1701.23,1671.13,1695.85,3.70717,1651.28,1672.57,1679.68,1693.75,1709.01,1722.77,1738.46,1672.5,1671.13,1696.45,3.96835,1656.8,1672.5,1679.68,1689.87,1701.72,1723.05,1749.27,1796.29,1757.14,1779.16,2.51606,1755.96,1758.65,1764.79,1778.47,1789.48,1796.29,1809.79,1771.34,1757.33,1779.56,3.19598,1754.44,1759.09,1769.43,1774.14,1787.49,1796.86,1811.83,1607.05,1586.71,1591.17,8.46285,1519.9,1525.59,1537.36,1592.73,1635.51,1647.0,1661.64,1555.61,1586.71,1596.39,9.77382,1508.79,1532.39,1542.32,1597.74,1634.97,1650.68,1665.89,1715.61,1709.3,1705.43,4.96853,1662.47,1666.72,1675.47,1704.8,1723.45,1737.79,1751.31,1712.75,1709.3,1704.67,4.80994,1656.95,1666.92,1671.44,1707.35,1731.33,1736.81,1744.73,-9999,-9999
2020,10.666,0.97689,8.698,1.994,0.978142,12.162,2.843,0.97502,10.631,9.605,2.035,11.445,2.738,10.665,0.97689,8.709,2.009,0.978142,12.144,2.858,0.97502,151.845,0.976093,148.138,151.997,0.976093,328.278,0.92862,326.903,326.698,0.92862,326.853,0.975979,326.673,326.901,0.975979,3.924,0.97689,3.761,3.931,0.97689,96.357,96.351,0.973361,1030.252,1092.701,0.975125,1.637,1.808,0.937443,0.2166562521379814,0.8020833333333334,292.49635437592684,0.9566826047358834,-9999,-9999,451.303,0.982411,11.785,-9999,-9999,-9999,-9999,-9999,-9999,0.975239,-9999,-9999,-9999,-9999,-9999,-9999,27.382,28.738,26.579,28.884,0.976833,0.97689,0.975808,0.97689,0.0784239,0.976036,36.7769,-9999,-9999,0.163936,17.89,-9999,-9999,0.192905,-9999,-9999,22.8825,25.0574,209.374,216.818,0.952641,0.959358,6.14219,6.77304,27.5161,26.5658,217.821,232.06,0.959358,0.961692,6.77803,6.97215,27.665,26.6173,238.504,235.195,0.955665,0.958565,4.29386,3.42204,205.449,212.37,216.239,229.081,255.996,266.013,290.864,205.621,212.496,215.528,231.042,252.873,263.872,266.527,0.954235,0.952812,0.957081,0.942281,0.963172,0.966302,0.968978,0.953552,0.952812,0.952527,0.960326,0.962887,0.966701,0.966245,3.63923,3.74037,1.68408,1.93899,0.961958,0.967611,0.0238513,0.0273432,0.19156,0.192565,-2.08453,-2.11234,4.07408,4.10659,0.945479,0.954428,0.0219758,0.0232493,0.0271941,0.0257831,3.74529,3.81166,1.94009,1.9744,0.967611,0.970378,0.0273749,0.0285421,0.192031,0.192739,-2.11191,-2.09218,4.10736,4.13798,0.954428,0.956221,0.0232551,0.0235379,0.0282379,0.0260436,3.6237,3.63923,3.67489,3.76966,3.9531,4.01937,4.14179,3.62357,3.638,3.68604,3.80588,3.9369,4.01923,4.03304,0.964101,0.961958,0.959276,0.967813,0.971705,0.972835,0.974819,0.964007,0.964101,0.958186,0.96831,0.971705,0.972835,0.973297,-2.09965,-2.0977,-2.09487,-2.08204,-2.07412,-2.06566,-2.01076,-2.09919,-2.09678,-2.09461,-2.08145,-2.07639,-2.07449,-2.06491,0.95114,0.956652,0.956652,0.957917,0.959547,0.943354,0.926272,0.953906,0.948487,0.95557,0.957233,0.945993,0.945817,0.944036,1648.87,1635.38,1630.6,6.12031,1572.66,1583.06,1598.39,1632.88,1653.76,1667.73,1688.29,1612.39,1622.63,1626.94,9.11762,1512.79,1576.16,1586.65,1625.57,1652.65,1676.24,1719.95,1402.59,1403.32,1395.41,3.47286,1350.71,1372.49,1383.08,1401.61,1405.12,1414.35,1420.88,1404.29,1404.81,1388.43,7.5444,1235.96,1356.97,1378.9,1397.31,1404.91,1414.39,1433.75,1388.16,1388.36,1379.4,2.56943,1341.42,1365.81,1369.31,1379.01,1390.83,1393.97,1403.39,1352.34,1364.57,1377.54,3.15557,1345.46,1352.8,1364.75,1373.42,1391.03,1395.73,1411.16,1307.83,1296.96,1296.14,1.57401,1278.89,1284.65,1288.46,1294.4,1304.06,1304.86,1308.41,1298.72,1301.98,1296.56,1.61203,1279.93,1283.92,1289.32,1297.26,1304.25,1306.31,1312.82,-9999,-9999
2021,9.333,0.997603,7.525,1.762,1.0,10.758,2.625,0.994949,9.213,8.107,1.89,10.069,2.677,9.324,0.997603,7.525,1.762,1.0,10.736,2.624,0.994949,145.817,0.997317,140.84,145.887,0.997317,320.85,0.997603,323.246,320.773,0.997603,322.591,0.997089,322.057,322.542,0.997089,2.793,0.997603,2.73,2.792,0.997603,96.326,96.329,0.993436,1213.953,1249.065,0.32871,1.659,1.697,0.99355,0.20562063927679078,0.8753424657534247,-9999,-9999,-9999,-9999,467.656,0.996461,10.449,-9999,-9999,-9999,-9999,-9999,-9999,1.0,-9999,-9999,-9999,-9999,-9999,-9999,31.873,29.586,29.059,30.18,1.0,1.0,1.0,0.997717,-3.38447,0.967694,46.7408,-9999,-9999,0.205102,6.32733,-9999,-9999,0.193276,-9999,-9999,22.8767,25.0767,-420.604,-421.91,0.978482,0.981906,10.4642,11.1443,24.4966,19.4423,-426.515,-430.724,0.98282,0.982192,11.2061,11.1919,24.8226,19.4696,-423.217,-420.131,0.979418,0.981193,4.15503,2.60514,-486.962,-445.164,-434.653,-418.87,-407.416,-400.866,-392.494,-460.948,-435.687,-427.192,-421.281,-408.106,-403.824,-396.455,0.953881,0.965868,0.982021,0.985502,0.987329,0.987671,0.987957,0.956564,0.973059,0.97637,0.978539,0.986187,0.979909,0.987842,5.43792,5.45615,2.30997,2.58865,0.989727,0.994342,0.0363542,0.0413187,0.152855,0.0951761,-5.90967,-5.92556,7.53637,7.5633,0.96457,0.967277,0.0411222,0.0417672,0.0445379,0.0445243,5.45406,5.42551,2.60487,2.59931,0.994996,0.994296,0.0417103,0.0415713,0.154216,0.095286,-5.94409,-5.93601,7.53576,7.54267,0.968572,0.967943,0.041868,0.0418877,0.0452274,0.0446373,5.12452,5.30692,5.39958,5.503,5.55367,5.60386,5.61985,5.22614,5.39042,5.42895,5.48973,5.55051,5.56189,5.6251,0.967173,0.97652,0.993885,0.98859,0.997017,0.997017,0.997017,0.967871,0.983199,0.989879,0.996915,0.992536,0.997017,0.997017,-5.94595,-5.94419,-5.94303,-5.9288,-5.91873,-5.90997,-5.89908,-5.94598,-5.9432,-5.94093,-5.93081,-5.92021,-5.91235,-5.9088,0.975409,0.938293,0.975025,0.966704,0.942951,0.94955,0.964024,0.973825,0.975116,0.97372,0.976134,0.976678,0.942577,0.950557,2272.28,2221.35,2264.57,5.96903,2213.81,2227.0,2236.35,2254.33,2278.05,2320.9,2329.18,2278.56,2271.25,2263.47,6.63573,2212.42,2226.66,2238.75,2247.12,2277.08,2314.28,2326.89,2655.8,2652.08,2684.7,6.00275,2630.24,2645.77,2655.8,2679.4,2702.03,2728.38,2762.67,2692.05,2697.76,2686.69,8.2833,2630.55,2640.27,2648.23,2677.95,2701.08,2723.76,2764.52,2195.94,2179.38,2172.48,4.71602,2109.55,2143.41,2149.3,2177.64,2194.63,2201.65,2210.31,2199.99,2178.25,2171.88,4.80137,2117.49,2134.15,2148.76,2173.69,2198.2,2203.11,2205.49,2388.43,2390.09,2376.67,2.83957,2350.26,2356.11,2361.04,2373.76,2393.32,2397.38,2403.74,2393.25,2392.2,2375.75,3.98771,2346.67,2351.28,2353.96,2368.7,2390.68,2395.71,2406.78,-9999,-9999
2022,11.298,0.936587,9.273,1.913,0.942278,12.867,2.838,0.92959,11.172,9.925,2.103,12.131,2.935,11.293,0.936587,9.267,1.947,0.942278,12.861,2.907,0.92959,165.915,0.931678,153.242,165.945,0.931678,324.043,0.936587,327.381,324.171,0.936587,329.005,0.93145,327.276,329.918,0.93145,4.114,0.936587,4.188,4.122,0.936587,96.438,96.426,0.93379,1016.138,1040.613,0.139726,1.677,1.785,0.9996,0.20329182930294126,0.8537100456621006,-9999,-9999,-9999,-9999,459.578,1.0,11.868,-9999,-9999,-9999,-9999,-9999,-9999,0.999772,-9999,-9999,-9999,-9999,-9999,-9999,28.373,25.444,26.723,29.153,0.999772,0.999772,0.999543,0.802112,-2.29923,0.740411,52.87,-9999,-9999,0.192077,8.75462,-9999,-9999,0.19872,-9999,-9999,22.8658,25.0849,-100.846,-93.7682,0.953539,0.95468,11.6182,11.7993,34.2148,33.4008,-130.158,-99.1951,0.963185,0.956564,12.221,11.8233,34.4242,33.4093,-108.879,-106.385,0.957597,0.956243,7.96211,4.26469,-157.019,-142.908,-140.267,-133.398,-96.2534,-78.5447,15.0832,-142.574,-140.229,-134.753,-100.584,-89.849,-77.7344,-70.5734,0.983105,0.969007,0.973459,0.972717,0.93379,0.946689,0.917123,0.973858,0.972032,0.966724,0.935103,0.940126,0.946461,0.944178,4.62426,4.6561,2.86041,2.87411,0.965813,0.966345,0.0455524,0.0467879,0.199441,0.182743,-3.7677,-3.75382,6.03803,6.00939,0.942164,0.943672,0.0413977,0.0415569,0.0532638,0.0497328,4.44989,4.62982,3.19058,2.91574,0.972771,0.968255,0.0499342,0.0471276,0.200487,0.18283,-3.77603,-3.75627,6.01967,6.0206,0.95387,0.945421,0.0416184,0.0414123,0.0534355,0.0496121,4.32937,4.36398,4.41086,4.44388,4.66786,4.75232,5.19893,4.3621,4.40437,4.42672,4.62496,4.68936,4.75767,4.80527,0.985373,0.9769,0.973893,0.978633,0.966345,0.954847,0.923665,0.977596,0.976501,0.973893,0.965813,0.958789,0.957013,0.953491,-3.80606,-3.79382,-3.78888,-3.77387,-3.74785,-3.72679,-3.61039,-3.79604,-3.78219,-3.77784,-3.75791,-3.7496,-3.72755,-3.71583,0.981505,0.97519,0.967846,0.96128,0.946034,0.936022,0.912194,0.972323,0.95311,0.951767,0.940279,0.943973,0.935296,0.927619,2027.5,2033.46,2039.72,9.38045,1933.27,1969.8,1997.33,2041.1,2069.99,2104.42,2133.72,2018.32,2009.09,2023.02,16.4048,1872.84,1922.39,1953.05,2004.83,2063.62,2113.0,2208.44,2133.8,2132.66,2146.1,5.83663,2075.85,2112.31,2131.86,2140.21,2163.84,2173.71,2210.34,2131.54,2139.25,2131.9,9.26643,2029.86,2062.06,2086.45,2133.64,2157.04,2193.36,2215.73,2238.91,2161.85,2229.48,7.36489,2145.63,2179.13,2198.55,2219.54,2259.2,2271.13,2307.47,2225.08,2251.62,2216.99,12.6838,2024.72,2167.67,2186.13,2219.79,2258.82,2284.11,2301.23,2194.87,2152.06,2174.98,3.26597,2137.31,2152.8,2160.64,2176.77,2186.77,2194.87,2213.36,2161.38,2172.41,2168.3,5.64536,2086.01,2135.73,2156.85,2167.86,2185.45,2198.01,2212.63,-9999,-9999
2023,11.157,0.960559,9.24,1.909,0.999811,12.625,2.808,0.909381,11.145,9.984,2.019,12.031,2.797,11.149,0.960559,9.24,1.909,0.999811,12.614,2.78,0.909381,148.555,0.884817,143.111,150.553,0.884817,326.812,0.960559,331.233,326.976,0.960559,328.355,0.884817,332.138,329.372,0.884817,3.906,0.960559,3.939,3.899,0.960559,96.268,96.233,0.95371,1180.24,1193.977,0.999772,1.832,1.853,0.968607,0.2475450663419933,0.8166095890410959,-9999,-9999,-9999,-9999,458.709,0.998116,12.055,-9999,-9999,-9999,-9999,-9999,-9999,0.963756,-9999,-9999,-9999,-9999,-9999,-9999,33.507,30.475,28.183,31.919,1.0,0.999943,0.999543,1.0,0.508018,0.963756,40.1622,-9999,-9999,0.217601,14.4159,-9999,-9999,0.173607,-9999,-9999,22.8055,24.9534,-216.435,-214.52,0.919635,0.920719,15.2128,15.1941,27.3235,19.2645,-221.94,-204.734,0.927226,0.922089,15.8405,15.1819,27.6779,19.2549,-207.146,-215.313,0.924462,0.921485,3.80022,2.27686,-252.289,-228.262,-224.086,-213.63,-187.13,-182.869,-169.828,-240.975,-228.422,-225.095,-216.269,-206.332,-204.735,-190.675,0.908961,0.915982,0.905936,0.917637,0.93516,0.936301,0.937158,0.910274,0.913927,0.907591,0.919635,0.92226,0.922146,0.933276,3.11496,3.12602,4.78898,4.80566,0.935819,0.936212,0.0713515,0.0713118,0.142463,0.0909802,-3.17788,-3.17829,5.7696,5.77429,0.908632,0.910417,0.0407779,0.0406253,0.0484503,0.0426183,3.07823,3.18235,5.10936,4.81172,0.941007,0.93704,0.0752014,0.0713032,0.14443,0.0909735,-3.19357,-3.17695,5.78512,5.78081,0.918635,0.912392,0.041026,0.0404874,0.0486593,0.0424868,2.94497,3.06887,3.0989,3.13934,3.26509,3.31549,3.34257,3.004,3.07079,3.09905,3.11773,3.17225,3.18379,3.23683,0.928046,0.938224,0.94164,0.935725,0.96053,0.919184,0.94829,0.928428,0.940698,0.94164,0.93704,0.935206,0.93704,0.944376,-3.21151,-3.19839,-3.19208,-3.17788,-3.14888,-3.14606,-3.12622,-3.22268,-3.2002,-3.19571,-3.1898,-3.17647,-3.17444,-3.1571,0.894531,0.899783,0.905292,0.908632,0.931736,0.92956,0.934552,0.902127,0.901065,0.899485,0.917823,0.91187,0.912691,0.927063,1599.19,1622.08,1599.03,4.95058,1525.83,1567.94,1580.33,1598.45,1619.55,1623.19,1645.57,1590.57,1595.81,1618.9,6.90696,1525.78,1574.86,1595.52,1621.54,1644.33,1676.69,1686.44,1821.96,1826.81,1814.34,3.08975,1766.8,1795.33,1806.16,1817.3,1825.16,1827.71,1840.63,1836.32,1817.75,1826.05,4.29404,1776.39,1800.57,1811.51,1824.06,1836.32,1850.39,1861.14,1914.74,1890.42,1884.12,4.10536,1843.41,1859.93,1863.19,1883.46,1895.9,1899.69,1914.74,1859.59,1904.32,1875.47,6.05544,1791.79,1841.81,1855.02,1877.01,1891.5,1904.38,1926.4,1744.39,1736.14,1729.12,2.77835,1709.37,1712.86,1718.01,1726.5,1736.12,1739.06,1749.95,1725.12,1729.19,1728.41,5.85594,1679.53,1701.34,1709.12,1717.26,1731.15,1744.11,1819.66,-9999,-9999
